,file names,tên sách,tên tác giả,nhà xuất bản,tập,người dịch,tái bản
196,1.jpg,NHÀ VĂN VIỆT NAM,,NHÀ XUẤT BẢN HỘI NHÀ VĂN,TẬP 3,,
199,10.jpg,GIẢI THÍCH NGỮ PHÁP TIẾNG ANH VỚI BÀI TẬP & ĐÁP ÁN,MAI LAN HƯƠNG HÀ THANH UYÊN,NXB ĐÀ NẴNG,,,
58,100.jpg,DORAEMON VOL.23 NOBITA VÀ NHỮNG PHÁP SƯ GIÓ BÍ ẨN ,Fujiko-F-Fujio  ,KIM ĐỒNG,,,
57,101.jpg,KÍNH VẠN HOA,Nguyễn Nhật Ánh,KIM ĐỒNG,48,,
56,102.jpg,KÍNH VẠN HOA,Nguyễn Nhật Ánh,KIM ĐỒNG,31,,
55,103.jpg,THÁM TỬ LỪNG DANH CONAN,AOYAMA Gosho  ,KIM ĐỒNG,17,,
66,104.jpg,BÀI TẬP TIẾNG ANH KHÔNG ĐÁP ÁN 9,MAI LAN HƯƠNG NGUYỄN THANH LOAN,NHÀ XUẤT BẢN ĐÀ NẴNG,,,
65,105.jpg,CẨM NANG CHÍNH TẢ & TỪ NGỮ HÁN - VIỆT,NGUYỄN TRỌNG LƯỢNG (Sưu tầm - Biên soạn),NHÀ XUẤT BẢN THỜI ĐẠI,,,
64,106.jpg,SỔ TAY CHÍNH TẢ TIẾNG VIỆT DÀNH CHO HỌC SINH,NGỌC XUÂN QUỲNH TRẦN XUÂN BÁCH,NHÀ XUẤT BẢN TỪ ĐIỂN BÁCH KHOA,,,
63,107.jpg,BÍ QUYẾT PHA CHẾ SINH TỐ & NƯỚC ÉP TRÁI CÂY,,NHÀ XUẤT BẢN VĂN HÓA THÔNG TIN,,,
62,108.jpg,PHÁP NGỮ của Hòa Thượng Tịnh Không,,NHÀ XUẤT BẢN PHƯƠNG ĐÔNG,,Tỳ kheo Thích Nguyên Tạng,
61,109.jpg,ÂM LUẬT VÔ TÌNH,THƯỢNG QUAN NGỌC HA,NHÀ XUẤT BẢN HỒNG ĐỨC,,,
198,11.jpg,DORAEMON Chú mèo máy đến từ tương lai,Fujiko-F-Fujio  ,KIM ĐỒNG,2,,
72,110.jpg,PHẬT GIÁO là gì ?,PHÁP SƯ TỊNH KHÔNG,NHÀ XUẤT BẢN PHƯƠNG ĐÔNG,,TỊNH TÂM dịch,
71,111.jpg,201 TRUYỆN TRÍ TUỆ PHÁT TRIỂN TRÍ THÔNG MINH,,NHÀ XUẤT BẢN VĂN HÓA THÔNG TIN,,,
70,112.jpg,100 loại nước ép & Sinh tố rau quả,Ngọc Hà,NHÀ XUẤT BẢN VĂN HÓA THÔNG TIN,,,
84,113.jpg,72 MÓN GỎI ,NGUYỄN DZOÃN CẨM VÂN,NHÀ XUẤT BẢN THỜI ĐẠI,,,
69,114.jpg,100 MÓN ĂN ĐỔI BỮA,NGUYỄN THỊ DIỆU THẢO,NHÀ XUẤT BẢN PHỤ NỮ,,,
68,115.jpg,LUẬT XÂY DỰNG,,NHÀ XUẤT BẢN CHÍNH TRỊ QUỐC GIA,,,
67,116.jpg,LUẬT BẢO VỆ MÔI TRƯỜNG LAW ON ENVIROMENTAL PROTECTION,,NHÀ XUẤT BẢN TƯ PHÁP JUDICAL PUBLISHING HOUSE,,,
78,117.jpg,GIÁO TRÌNH CHỦ NGHĨA DUY VẬT BIỆN CHỨNG,,NHÀ XUẤT BẢN CHÍNH TRỊ QUỐC GIA,,,
77,118.jpg,Kinh tế học VI MÔ,Chủ biên: PGS. TS CAO THÚY XIÊM,NHÀ XUẤT BẢN ĐẠI HỌC KINH TẾ QUỐC DÂN,,,Tái bản lần 1 có sửa chữa
76,119.jpg,MÔI TRƯỜNG,GS.TSKH LÊ HUY BÁ,NHÀ XUẤT BẢN ĐẠI HỌC QUỐC GIA TP.HỒ CHÍ MINH,,,
197,12.jpg,GIẢI BÀI TẬP HÌNH HỌC 11 ,PGS.TS NGUYỄN VĂN LỘC (Chủ biên) TRẦN QUANG TÀI - MAI XUÂN ĐÔNG - LÊ NGỌC HẢI - TRẦN QUANG TIẾN,NHÀ XUẤT BẢN ĐẠI HỌC QUỐC GIA HÀ NỘI,,,
75,120.jpg,Tìm hiểu môn học CHÍNH TRỊ HỌC (Dưới dạng hỏi & đáp),GS. TS DƯƠNG XUÂN NGỌC - TS LƯU VĂN AN,NHÀ XUẤT BẢN LÝ LUẬN CHÍNH TRỊ,,,
74,121.jpg,PHÁT TRIỂN BỀN VỮNG HÀNG NÔNG SẢN XUẤT KHẨU CỦA VIỆT NAM TRONG ĐIỀU KIỆN HIỆN NAY,TS. NGÔ THỊ TUYẾT LAN (Chủ biên),NHÀ XUẤT BẢN CHÍNH TRỊ QUỐC GIA,,,
73,122.jpg,BÍ QUYẾT DINH DƯỠNG GIÚP TRẺ TĂNG CHIỀU CAO TỐI ƯU,,NHÀ XUẤT BẢN PHỤ NỮ,,,
85,123.jpg,Hình thành LÒNG TỰ TIN CHO TRẺ,,NHÀ XUẤT BẢN THỜI ĐẠI,,,
83,124.jpg,70 món ăn bài thuốc,QUỲNH HƯƠNG,NHÀ XUẤT BẢN HỒNG ĐỨC,,,
82,125.jpg,Những ngày thơ ấu,NGUYÊN HỒNG,NHÀ XUẤT BẢN VĂN HÓA THÔNG TIN,,,
81,126.jpg,SHERLOCK HOLMES TOÀN TẬP,CONAN DOYLE,NHÀ XUẤT BẢN VĂN HỌC,,,
80,127.jpg,HƯỚNG DẪN CÁCH PHÒNG THỦ KHẮC PHỤC SỰ CỐ KHI MÁY VI TÍNH BỊ TẤN CÔNG,,NHÀ XUẤT BẢN HỒNG ĐỨC,,,
79,128.jpg,Microsoft Access 2013,Ths. VIỆT AN & nhóm tin học ứng dụng,NHÀ XUẤT BẢN HỒNG ĐỨC,,,
92,129.jpg,Bài tập TIN HỌC DÀNH CHO TRUNG HỌC CƠ SỞ,BÙI VĂN THANH - NGUYỄN TRÍ CHUNG NGÔ ÁNH TUYẾT,NHÀ XUẤT BẢN GIÁO DỤC VIỆT NAM,Quyển 3,,
208,13.jpg,Bài tập VẬT LÍ 10 Nâng cao,LÊ TRỌNG TƯỜNG (Chủ biên) LƯƠNG TẤT ĐẠT - LÊ CHÂN HÙNG,NHÀ XUẤT BẢN GIÁO DỤC VIỆT NAM,,,
91,130.jpg,Bài tập TIN HỌC DÀNH CHO TRUNG HỌC CƠ SỞ,BÙI VĂN THANH - NGUYỄN TRÍ CHUNG NGÔ ÁNH TUYẾT,NHÀ XUẤT BẢN GIÁO DỤC VIỆT NAM,Quyển 4,,
90,131.jpg,Món quà cuộc sống,NHIỀU TÁC GIẢ,NHÀ XUẤT BẢN TỔNG HỢP TP. HỒ CHÍ MINH,,Nguyễn Đức Quỳnh dịch,
89,132.jpg,HIỂM HỌA HACKER HIỂU BIẾT VÀ PHÒNG CHỐNG,MIKHAYLOV DMITRY  ,NHÀ XUẤT BẢN TỔNG HỢP THÀNH PHỐ HỒ CHÍ MINH,,Lê Trọng Hiển dịch,
88,133.jpg,HƯỚNG DẪN THỰC HÀNH KHẮC PHỤC SỰ CỐ VÀ TỐI ƯU HÓA Microsoft WINDOWS 8,,NHÀ XUẤT BẢN TỪ ĐIỆN BÁCH KHOA,,,
87,134.jpg,Hướng dẫn thực hành Microsoft WINDOWS 8 ĐƠN GIẢN VÀ DỄ HIỂU,,NHÀ XUẤT BẢN TỪ ĐIỆN BÁCH KHOA,,,
86,135.jpg,Virus E-mail PHƯƠNG THỨC HOẠT ĐỘNG & CÁCH PHÒNG CHỐNG,MINH TÂM Biên soạn,NHÀ XUẤT BẢN TỪ ĐIỆN BÁCH KHOA,,,
98,136.jpg,MÁY TÍNH LAPTOP ĐA NĂNG,ThS. PHẠM THANH ĐƯỜNG,NHÀ XUẤT BẢN THỜI ĐẠI,,,
97,137.jpg,TIN HỌC CĂN BẢN dành cho học sinh,NGUYỄN CÔNG TUẤN - LÊ TRẦN DIỄM QUÝ,NHÀ XUẤT BẢN LAO ĐỘNG - XÃ HỘI,,,
96,138.jpg,THẾ GIỚI TRI THỨC THE WORLD OF KNOWLEDGE ,,NHÀ XUẤT ĐẠI HỌC QUỐC GIA THÀNH PHỐ HỒ CHÍ MINH,Vol 3,,
95,139.jpg,Hướng dẫn Phòng và diệt Virút máy tính,Nguyễn Thành Cương - Nguyễn Mai Trang ,NHÀ XUẤT BẢN KHOA HỌC TỰ NHIÊN VÀ CÔNG NGHỆ,,,
207,14.jpg,Câu hỏi và bài tập trắc nghiệm Vật lí 9 THCS,NGUYỄN THANH HẢI,NHÀ XUẤT BẢN ĐẠI HỌC SƯ PHẠM,,,
94,140.jpg,8000 ĐỊA CHỈ INTERNET VIỆT NAM VÀ QUỐC TẾ,NGUYỄN VĂN KHOA LÊ QUỐC TOÀN NGUYỄN DƯƠNG THANH,NHÀ XUẤT BẢN THỐNG KÊ,,,
93,141.jpg,TỰ KHẮC PHỤC MÁY TÍNH KHI BỊ VI RÚT TẤN CÔNG,Water PC,NHÀ XUẤT BẢN VĂN HÓA THÔNG TIN,,,
104,142.jpg,HỌC VI TÍNH TỪ BẮT ĐẦU CẤU TẠO VÀ NGUYÊN TẮC VẬN HÀNH Ổ ĐĨA CỨNG,ĐỨC HÙNG,NHÀ XUẤT BẢN THỐNG KÊ,,,
103,143.jpg,Lập trình CƠ SỞ DỮ LIỆU Visual Basic 6,,NXB THỐNG KÊ,,,
102,144.jpg,RSA Tấn công và phòng thủ (Sách tham khảo về công nghệ thông tin),NGUYÊỄN THÀNH NHÂN,Nhà xuất bản Thanh Niên,,,
101,145.jpg,Các bài thực hành trong 5 phút Nối mạng không dây,KS. TRẦN VIỆT AN,NXB. GIAO THÔNG VẬN TẢI ,,,
100,146.jpg,HƯỚNG DẪN TỰ HỌC Microsoft WINDOWS SERVER 2012 Tổ chức và quản trị máy chủ,,NHÀ XUẤT BẢN TỪ ĐIỂN BÁCH KHOA,,,
99,147.jpg,TIN HỌC 11,,NHÀ XUẤT BẢN GIÁO DỤC VIỆT NAM,,,
110,148.jpg,Giáo trình Mã hóa Thông tin LÝ THUYẾT & ỨNG DỤNG,BÙI DOÃN KHANH NGUYỄN ĐÌNH THÚC,NHÀ XUẤT BẢN LAO ĐỘNG XÃ HỘI,,,
109,149.jpg,Hướng dẫn triển khai MÁY ẢO,Tô Thanh Hải Phương Lan,NHÀ XUẤT BẢN PHƯƠNG ĐÔNG,,,
206,15.jpg,HÌNH HỌC 12,,NHÀ XUẤT BẢN GIÁO DỤC VIỆT NAM,,,
108,150.jpg,HACK INTERNET OS và bảo mật,Vũ Đình Cường Phương Lan,NHÀ XUẤT BẢN LAO ĐỘNG - XÃ HỘI,1,,
107,151.jpg,VISUAL BASIC 2005 HỌC LẬP TRÌNH WINDOWS FORMS QUA VÍ DỤ,Nguyễn Thiên Bằng Phương Lan,NHÀ XUẤT BẢN LAO ĐỘNG XÃ HỘI,,,
106,152.jpg,Tìm hiểu CÁC KIỂU TẤN CÔNG CƠ BẢN & phương pháp phòng chống,Vũ Đình Cường Phương Lan,NHÀ XUẤT BẢN LAO ĐỘNG - XÃ HỘI,,,
105,153.jpg,CÁCH BẢO VỆ DỮ LIỆU QUAN TRỌNG & phương pháp phát hiện thâm nhập,Vũ Đình Cường Phương Lan,NHÀ XUẤT BẢN LAO ĐỘNG - XÃ HỘI,,,
117,154.jpg,TÌM LẠI PASSWORD & phương pháp phục hồi an toàn dữ liệu,Vũ Đình Cường Phương Lan,NHÀ XUẤT BẢN LAO ĐỘNG - XÃ HỘI,,,
116,155.jpg,BẢO VỆ MÁY TÍNH BẰNG TƯỜNG LỬA & phương pháp lướt web an toàn,Vũ Đình Cường Phương Lan,NHÀ XUẤT BẢN LAO ĐỘNG - XÃ HỘI,,,
115,156.jpg,Phương pháp THÂM NHẬP WEB SERVER & cách phòng chông,Vũ Đình Cường Phương Lan,NHÀ XUẤT BẢN LAO ĐỘNG - XÃ HỘI,,,
114,157.jpg,Chùa Đàn,NGUYỄN TUÂN,KIM ĐỒNG,,,
113,158.jpg,Quê nội,VÕ QUẢNG,NHÀ XUẤT BẢN THANH NIÊN,,,
112,159.jpg,80 NGÀY VÒNG QUANH THẾ GIỚI KHOA HỌC VIỄN TƯỞNG,JUYN VECNƠ,NHÀ XUẤT BẢN HỘI NHÀ VĂN,,,
205,16.jpg,Thuật ứng biến,KHANG HOA TRƯƠNG PHƯƠNG CAO ,NHÀ XUẤT BẢN ĐỒNG NAI,,NGUYỄN KHẮC KHOÁI (Biên dịch),
111,160.jpg,TRÊN SA MẠC VÀ TRONG RỪNG THẲM ,HENRICH STENKIEVICH  ,NHÀ XUẤT BẢN VĂN HỌC,,,
122,161.jpg,Tuyển tập TRUYỆN NGẮN HAY,,NHÀ XUẤT BẢN THANH NIÊN,,,
121,162.jpg,NHỮNG TẤM LÒNG CAO CẢ,EDMONDO DEAMICIS,NHÀ XUẤT BẢN VĂN HỌC,,,
120,163.jpg,Đừng bao giờ nói KHÔNG BAO GIỜ,PHYLLIS GEORGE  ,NHÀ XUẤT BẢN THỜI ĐẠI,,,
119,164.jpg,MƯỜI VẠN CÂU HỎI VÌ SAO?,,NHÀ XUẤT BẢN VĂN HÓA THÔNG TIN,,,
118,165.jpg,nhật ký ĐẶNG THÙY TRÂM,,NHÀ XUẤT BẢN HỘI NHÀ VĂN,,,
128,166.jpg,HAI VẠN DẶM DƯỚI BIỂN,JULES VERNE,NHÀ XUẤT BẢN LAO ĐỘNG,,,
127,167.jpg,500 BÀI TOÁN CƠ BẢN VÀ NÂNG CAO,NGUYỄN ĐỨC TẤN - TRẦN THỊ KIM CƯƠNG - NGUYỄN ĐỨC HÒA TÔ THỊ YẾN - LÊ THỊ KIM PHƯỢNG - TRẦN THỊ THANH NHÀN,NHÀ XUẤT BẢN ĐÀ NẴNG,,,
126,168.jpg,Học tốt TIẾNG VIỆT 5,PHẠM AN MIÊN - NGUYỄN LÊ HUÂN,NHÀ XUẤT BẢN ĐÀ NẴNG,Tập 1,,
125,169.jpg,150 BÀI VĂN HAY LỚP 6 ,THÁI QUANG VINH - TRẦN THỊ HOÀNG CÚC NGUYỄN THỊ ÚT - TRẦN ĐỨC NIỀM LÊ THỊ NGUYÊN,NHÀ XUẤT BẢN ĐẠI HỌC QUỐC GIA TP.HỒ CHÍ MINH,,,
6,17.jpg,LỊCH SỬ 11,,NHÀ XUẤT BẢN GIÁO DỤC VIỆT NAM,,,
124,170.jpg,BỒI DƯỠNG VĂN - TIẾNG VIỆT 5,NGUYỄN THỊ KIM DUNG - HỒ THỊ VÂN ANH,NHÀ XUẤT BẢN TỔNG HỢP THÀNH PHỐ HỒ CHÍ MINH,TẬP 1,,
123,171.jpg,Bài tập nâng cao TIẾNG VIỆT 5,VŨ KHẮC TUÂN,NHÀ XUẤT BẢN ĐẠI HỌC QUỐC GIA TP. HỒ CHÍ MINH,Tập 1,,
135,172.jpg,BÀI TẬP TRẮC NGHIỆM TIẾNG ANH 9 CÓ ĐÁP ÁN,MAI LAN HƯƠNG - NGUYỄN THANH LOAN,NHÀ XUẤT BẢN ĐÀ NẴNG,,,Tái bản năm 2014
134,173.jpg,CHUYÊN ĐỀ BỒI DƯỠNG Nâng cao toán 5,NGUYỄN TƯỜNG KHÔI,NHÀ XUẤT BẢN TỔNG HỢP ĐỒNG NAI,Tập 2,,
133,174.jpg,Học tốt TIẾNG VIỆT 5,NGUYỄN NGỌC DŨNG - HUỲNH TẤN PHƯƠNG,NHÀ XUẤT BẢN TỔNG HỢP THÀNH PHỐ HỒ CHÍ MINH,TẬP 2,,
132,175.jpg,540 BÀI TẬP NÂNG CAO TIẾNG VIỆT 5,NGUYỄN THỊ NHUNG,NHÀ XUẤT BẢN HÀ NỘI,,,
131,176.jpg,VỞ BÀI TẬP TOÁN NÂNG CAO TIỂU HỌC 4,LÊ HẢI CHÂU,NHÀ XUẤT BẢN ĐẠI HỌC SƯ PHẠM,TẬP 1,,
130,177.jpg,Chuyện đời thường bài học quý giá,Mộc Xuân,NHÀ XUẤT BẢN VĂN NGHỆ,Tập 3,,
129,178.jpg,Sống với niềm vui mỗi ngày,CAROLYN HOBBS,NHÀ XUẤT BẢN TRẺ,,,
142,179.jpg,TỔNG HỢP CÁC BÀI TOÁN PHỔ DỤNG HÌNH HỌC,TS. VŨ THẾ HỰU - NGUYỄN KHẮC AN NGUYỄN VĨNH CẬN - ThS. HOA MẠNH TƯỜNG,NHÀ XUẤT BẢN ĐẠI HỌC QUỐC GIA HÀ NỘI,8,,
4,18.jpg,BÀI TẬP HÌNH HỌC 11,NGUYỄN MỘNG HY (Chủ biên) KHU QUỐC ANH - NGUYỄN HÀ THANH,NHÀ XUẤT BẢN GIÁO DỤC VIỆT NAM,,,
141,180.jpg,140 ĐỀ THI TRẮC NGHIỆM tiếng Anh,Thạc sĩ NGUYỄN ĐỨC HUY,NHÀ XUẤT BẢN HỒNG ĐỨC,,,
140,181.jpg,TỪ ĐIỂN TIẾNG VIỆT,HỒNG MÂY - NGỌC XƯƠNG MINH MẪN - TRẦN TÚ LĂNG,NHÀ XUẤT BẢN THANH NIÊN,,,
139,182.jpg,Giải bằng nhiều cách CÁC BÀI TOÁN HÌNH HỌC 5,TRẦN THỊ KIM CƯƠNG,NHÀ XUẤT BẢN ĐẠI HỌC SƯ PHẠM,,,
138,183.jpg,Giải bài tập HOÁ HỌC NÂNG CAO 12,HUỲNH VĂN ÚT,NHÀ XUẤT BẢN TỔNG HỢP THÀNH PHỐ HỒ CHÍ MINH,,,
137,184.jpg,NHỮNG BÀI LÀM VĂN MẪU 12,TS. PHẠM MINH DIỆU (Chủ biên) - HÀ VĂN LÍCH,NHÀ XUẤT BẢN VĂN HOÁ - THÔNG TIN,TẬP MỘT,,
136,185.jpg,NHỮNG BÀI LÀM VĂN MẪU 12,TS. PHẠM MINH DIỆU (Chủ biên) - HÀ VĂN LÍCH,NHÀ XUẤT BẢN VĂN HOÁ - THÔNG TIN,TẬP HAI,,
148,186.jpg,KỂ CHUYỆN THEO TRANH,TRẦN MẠNH HƯỞNG,,LỚP 5 TẬP MỘT,,
147,187.jpg,ORGAN Thực hành cho học sinh trung học cơ sở,CÙ MINH NHẬT,NHÀ XUẤT BẢN ÂM NHẠC,,,
146,188.jpg,TỰ HỌC ORGAN ĐIỆN TỬ Phần cơ bản,CÙ MINH NHẬT,NHÀ XUẤT BẢN ÂM NHẠC,,,
145,189.jpg,Lịch sử Việt Nam bằng tranh,,NHÀ XUẤT BẢN TRẺ,21,,
3,19.jpg,TỰ HỌC TIẾNG ANH,NGUYỄN VĂN KHÔN,,,,(Tái bản lần thứ 18)
144,190.jpg,"QUY CHẾ TUYỂN SINH ĐẠI HỌC, CAO ĐẲNG HỆ CHÍNH QUY",,NHÀ XUẤT BẢN GIÁO DỤC VIỆT NAM,,,
143,191.jpg,Lịch sử Việt Nam bằng tranh,,NHÀ XUẤT BẢN TRẺ,36,,
153,192.jpg,BÀI GIẢNG TRỌNG TÂM CHƯƠNG TRÌNH CHUẨN TOÁN 12,ThS. LÊ HỒNG ĐỨC - VƯƠNG NGỌC NGUYỄN TUẤN PHONG - LÊ VIẾT HOÀ LÊ BÍCH NGỌC,Nhà xuất bản đại học quốc gia hà nội,,,(Tái bản lần thứ nhất)
152,193.jpg,TÀI LIỆU BỒI DƯỠNG LÝ LUẬN CHÍNH TRỊ DÀNH CHO ĐẢNG VIÊN MỚI,BAN TUYÃŠN GIÃO TRUNG Æ¯Æ NG  ,NHÀ XUẤT BẢN CHÍNH TRỊ QUỐC GIA,,,
151,194.jpg,Mười vạn câu hỏi vì sao,Nhiều tác giả,NHÀ XUẤT BẢN THẾ GIỚI,,Ngọc Khánh dịch,
150,195.jpg,MÓN ĂN dễ làm,HỒNG CHÂU,NHÀ XUẤT BẢN VĂN HOÁ SÀI GÒN,,,
149,196.jpg,360 ĐỘNG TỪ BẤT QUY TẮC & cách dùng thì trong tiếng Anh,NGUYỄN THANH TRÍ - NGUYỄN PHƯƠNG VI,NHÀ XUẤT BẢN TỔNG HỢP THÀNH PHỐ HỒ CHÍ MINH,,,
157,197.jpg,Sổ lịch học sinh,VŨ DƯƠNG THUỴ,NHÀ XUẤT BẢN GIÁO DỤC,lớp 6,,
156,198.jpg,365 CHUYỆN KỂ HẰNG ĐÊM,,NHÀ XUẤT BẢN VĂN HOÁ THÔNG TIN,,,
234,199.jpg,BỆNH MẠCH VÀNH,GS. NGUYỄN HUY DUNG,NHÀ XUẤT BẢN Y HỌC,,,
195,2.jpg,Nhẹ bước lãng du,Nguyễn Chấn Hùng,Nhà Xuất Bản Tổng Hợp Thành Phố Hồ Chí Minh,,,
2,20.jpg,GIÁO DỤC CÔNG DÂN 11,,NHÀ XUẤT BẢN GIÁO DỤC,,,
155,200.jpg,Hướng dẫn học và làm bài - làm văn NGỮ VĂN 6,HOÀNG THỊ THU HIỀN LÊ HOÀNG ANH THÔNG - LÊ HOÀNG TÂM,NHÀ XUẤT BẢN ĐẠI HỌC SƯ PHẠM,TẬP 2,,(In lần thứ ba)
154,201.jpg,HƯỚNG DẪN HỌC GIỎI Văn - Tiếng Việt 6,VÕ THỊ HOÀI TÂM - VŨ THỊ MINH TOÀN,NHÀ XUẤT BẢN TỔNG HỢP THÀNH PHỐ HỒ CHÍ MINH,,,
163,202.jpg,TẠI SAO VÀ NHƯ THẾ NÀO?,Thu Hương,NHÀ XUẤT BẢN THÔNG TIN VÀ TRUYỀN THÔNG,,,
162,203.jpg,NHỮNG BÀI LÀM VĂN MẪU 5,TRẦN THỊ THÌN,NHÀ XUẤT BẢN TỔNG HỢP TP. HỒ CHÍ MINH,TẬP MỘT,,
161,204.jpg,BÀI TẬP ĐẠI SỐ 10,VŨ TUẤN (Chủ biên) - DOÃN MINH CƯỜNG - TRẦN VĂN HẠO ĐỖ MẠNH HÙNG - PHẠM THU - NGUYỄN TIẾN TÀI,NHÀ XUẤT BẢN GIÁO DỤC VIỆT NAM,,,
160,205.jpg,BÀI TẬP HÌNH HỌC 10,NGUYỄN MỘNG HY (Chủ biên) NGUYỄN VĂN ĐOÀNH - TRẦN ĐỨC HUYÊN,NHÀ XUẤT BẢN GIÁO DỤC VIỆT NAM,,,
159,206.jpg,Mười vạn câu hồi sao Bơi lặn dưới nước (CÂU HỎI VÀ TRẢ LỜI)  ,,TẢI NHÀ XUẤT CẦU THỊ GIỚI  ,,Ngọc Khánh dịch  ,
158,207.jpg,"NHỮNG PHƯƠNG THUỘC HAY ""RAU CÓ TRỊ BỆNH""  ",,,,,
168,208.jpg,"ÔN TẬP, KIỂM TRA NĂNG LỰC MÔN TOÁN LỚP 12 (THEO HÌNH THỨC TỰ LUẬN VÀ TRẮC NGHIỆM)  ",,,,,
167,209.jpg,"SỐ TAY TOÁN THPT GIÚP TRÍ NHỚ MÔN TOÁN TRUNG HỌC PHỔ THÔNG Thuận lợi cho học sinh lớp 10, 11, 12 ôn tập và luyện thi Đại học Trình bày rõ, gọn giúp học sinh chính  ",LÊ ĐÌNH CHÂU  ,,,,
204,21.jpg,nghệ thuật Sống  ,CHU PHẠM LÂM DƯƠNG TIỂU VÂN - TRIỆU VĂN TÂM  ,,,,
166,210.jpg,BÀI TẬP TÍCH GIAI 12  ,VŨ TUẤN (Chủ biên) - LÊ THỊ THIÊN HƯƠNG - NGUYỄN THU NGA PHẠM PHU-NGUYỄN TIẾN TÀI - CẤN VĂN TUẤT  ,NHÀ XUẤT BẢN GIÁO DỤC  ,,,
165,211.jpg,Giải nhanh MẤY TÍNH 2Z PW MON TOÀN  ,,,,,
164,212.jpg,Phương pháp học tập hiệu quả  ,,NHÀ XUẤT BẢN TỔNG HỢP TP.HỒ CHÍ MINH  ,,,
174,213.jpg,phương phúp giải TÔ HƠP LUYỆN PHÉP ĐẾM-HOÁN VỊ TÔ HỢP - CHÍNH HỢP THI NHỊ THỨC NEWTON Đ XÁC SUẤT  ,,NHÀ XUẤT BẢN ĐÀ NẪNG  ,,,
173,214.jpg,THUẬT TOÁN CASIO GIẢI CHUYÊN ĐỀ HÀM SỐ  ,Trần Hoài Thanh  ,,,,
172,215.jpg,NGHỀ CỔ TRUYỀN  ,,NHÀ XUẤT BẢN THỜI ĐẠI  ,,,
171,216.jpg,100 dàn bài chi tiết Làm văn 7,LÊ THỊ MỸ TRINH - NGUYỄN LY NA LÊ MỸ TRANG,Nhà xuất bản Đại học Quốc gia Hà Nội,,,
170,217.jpg,Cảnh NGỨA MẮT CHỐN ĐÔNG NGƯỜI,NGUYỄN KHOA ĐĂNG,NHÀ XUẤT BẢN VĂN NGHỆ,,,
169,218.jpg,HƯỚNG DẪN TỰ GIẢI BÀI TẬP TOÁN ĐẠI SỐ 8,NGUYỄN NGỌC TRANG,,,,
180,219.jpg,SINH HỌC 12,,NHÀ XUẤT BẢN GIÁO DỤC VIỆT NAM,,,
203,22.jpg,DANH NHÂN ĐẤT VIỆT,,NHÀ XUẤT BẢN VĂN HỌC,,,
179,220.jpg,TỪ ĐIỂN VĂN HỌC PHỔ THÔNG,ĐẶNG TRƯỜNG,NHÀ XUẤT BẢN VĂN HOÁ - THÔNG TIN,,,
178,221.jpg,KHO TÀNG VĂN HỌC DÂN GIAN VIỆT NAM Truyện Trạng,PHAN DIÊN VỸ - SƠN HÀ - NGUYỄN GIAO CƯ Biên soạn,NHÀ XUẤT BẢN ĐÀ NẴNG,,,
177,222.jpg,GIẢI BÀI TẬP GIẢI TÍCH 12,DƯƠNG ĐỨC KIM - ĐỖ DUY ĐỒNG,NHÀ XUẤT BẢN TỔNG HỢP THÀNH PHỐ HỒ CHÍ MINH,,,(Tái bản lần thứ nhất)
176,223.jpg,Tuyệt phẩm khởi động KÌ THI THPT QUỐC GIA TIẾNG ANH,CAO THỊ THU GIANG - CAO THỊ HỒNG PHƯƠNG,NHÀ XUẤT BẢN TỔNG HỢP THÀNH PHỐ HỒ CHÍ MINH,,,
175,224.jpg,GIẢI BÀI TẬP SINH HỌC 12,PGS. TS TRỊNH NGUYÊN GIAO - LÊ TUẤN NGỌC,NHÀ XUẤT BẢN ĐẠI HỌC QUỐC GIA HÀ NỘI,,,
185,225.jpg,GIẢI TÍCH 12 NÂNG CAO,,NHÀ XUẤT BẢN GIÁO DỤC VIỆT NAM,,,
184,226.jpg,LỊCH SỬ SÁCH GIÁO VIÊN 12,,NHÀ XUẤT BẢN GIÁO DỤC,,,
183,227.jpg,BÀI GIẢNG & LỜI GIẢI CHI TIẾT Sinh học 11,PHAN KHẮC NGHỆ,NHÀ XUẤT BẢN ĐẠI HỌC QUỐC GIA HÀ NỘI,,,
182,228.jpg,BỒI DƯỠNG HỌC SINH GIỎI SINH HỌC,PHAN KHẮC NGHỆ - TRẦN MẠNH HÙNG,NHÀ XUẤT BẢN ĐẠI HỌC QUỐC GIA HÀ NỘI,,,(Tái bản lần thứ nhất)
181,229.jpg,NHỮNG BÀI VĂN NGHỊ LUẬN XÃ HỘI,HOÀNG ĐỨC HUY,NHÀ XUẤT BẢN ĐẠI HỌC SƯ PHẠM,,,
215,23.jpg,Cơ sở văn hoá VIỆT NAM,TRẦN QUỐC VƯỢNG (Chủ biên) TÔ NGỌC THANH NGUYỄN CHÍ BỀN LÂN MỸ DUNG TRẦN THUÝ ANH,,,,
190,230.jpg,TRẮC NGHIỆM SINH HỌC,PHAN VĂN NHÂN,NHÀ XUẤT BẢN ĐẠI HỌC QUỐC GIA TP HỒ CHÍ MINH,,,
189,231.jpg,HƯỚNG DẪN ÔN TẬP KÌ THI TRUNG HỌC PHỔ THÔNG QUỐC GIA NĂM HỌC 2014 - 2015 môn NGỮ VĂN,NGUYỄN DUY KHA (Chủ biên) NGUYỄN PHƯỢNG - NGÔ VĂN TUẤN,NHÀ XUẤT BẢN GIÁO DỤC VIỆT NAM,,,
188,232.jpg,Những Bài Làm Văn Hay 12,NGUYỄN BÍCH THUẬN HUỲNH TẤN KIM KHÁNH,,,,
187,233.jpg,Sinh học 11 NÂNG CAO,,NHÀ XUẤT BẢN GIÁO DỤC,,,
186,234.jpg,THÁM TỬ LỪNG DANH CONAN,Gosho AOYAMA  ,NHÀ XUẤT BẢN KIM ĐỒNG,34,Nhiều người dịch,
214,24.jpg,Cách mạng công nghiệp lần thứ tư,Klaus Schwab  ,,,,
213,25.jpg,GIẢI TOÁN VÀ TRẮC NGHIỆM VẬT LÍ 10 NÂNG CAO,BÙI QUANG HÂN - NGUYỄN DUY HIỀN - NGUYỄN TUYẾN,NHÀ XUẤT BẢN GIÁO DỤC VIỆT NAM,TẬP MỘT CƠ HỌC,,
212,26.jpg,Giáo trình QUẢN TRỊ HẬU CẦN,PGS.TS. Lê Công Hoa,NHÀ XUẤT BẢN ĐẠI HỌC KINH TÊ QUỐC DÂN,,,
211,27.jpg,GIẢI BÀI TẬP VẬT LÍ 11 (CHƯƠNG TRÌNH NÂNG CAO),VŨ THỊ PHÁT MINH - CHÂU VĂN TẠO - NGUYỄN HOÀNG HƯNG - VÕ THỊ MAI THUẬN,NHÀ XUẤT BẢN ĐẠI HỌC QUỐC GIA HÀ NỘI,,,
210,28.jpg,DORAEMON,Fujiko-F-Fujio  ,KIM ĐỒNG,4,,
209,29.jpg,Bài tập VẬT LÍ 11 Nâng  cao,,NHÀ XUẤT BẢN GIÁO DỤC VIỆT NAM,,,
194,3.jpg,BÀI TẬP HÌNH HỌC 12,,NHÀ XUẤT BẢN GIÁO DỤC VIỆT NAM,,,
221,30.jpg,BÀI TẬP HÌNH HỌC 12,,NHÀ XUẤT BẢN GIÁO DỤC VIỆT NAM,,,
220,31.jpg,Giải mã tính cách,,NHÀ XUẤT BẢN VĂN HÓA THÔNG TIN,Tập 2,DƯƠNG MINH HÀO (Biên dịch),
219,32.jpg,1000 CÂU TRẮC NGHIỆM TIẾNG ANH 9,NGUYỄN THỊ CHI (Chủ biên) NGUYÊN HỮU CƯƠNG  ,NHÀ XUẤT BẢN ĐẠI HỌC QUỐC GIA TP HỒ CH MINH,,,
218,33.jpg,100 BÀI VĂN HAY BỒI DƯỠNG HỌC SINH KH GIỎI 10,Tuyển tập,NHÀ XUẤT BẢN ĐẠI HỌC QUỐC GIA TP HỒ CH MINH,,,
217,34.jpg,KHỞI SỰ KINH DOANH ,Đồng chủ biên: PGS.TS. Nguyễn Thị Ngọc Huyền TS.Ng Thị Việt Nga,,,,
216,35.jpg,BÀI TẬP TIẾNG ANH 11 NÂNG CAO,TÚ ANH Chủ biên PHAN HÀ - HUỲNH ĐỒNG HẢI - MAI VI PHƯƠNG - TRẦN VĂN SINH,NHÀ XUẤT BẢN GIÁO DỤC  ,,,
227,36.jpg,CHUYẾN ĐI BÃO TÁP,ADAM LASHINSKY  ,,,Nguyễn Thụy Khánh Chương dịch,
226,37.jpg,Tuyển chọn 153 BI VĂN HAY BỒI DƯỠNG HỌC SINH KHÁ GIỎI 10,TA ĐỨC HIỂN - TS. NGUYỄN VIỆT NGA TS PHẠM MINH TỨ - ThS NGUYỄN NHẬT HOA,NHÀ XUẤT BẢN HÀ NỘI,,,
225,38.jpg,CÁC DẠNG ĐỀ và BÀI LÀM VĂN CHỌN LỌC Ngữ Văn 10,NGUYỄN VĂN BÌNH,NHÀ XUẤT BẢN GIÁO DỤC VIỆT NAM,,,
224,39.jpg,GIẢI BÀI TẬP VẬT LÍ 10 Chương trình chuẩn,ThS NGUYỄN THANH HẢI,,,,(Tái bản lần thứ ba)
193,4.jpg,KHONG G GIA ĐINH  ,,,,,
223,40.jpg,BÌNH GIẢNG 45 TÁC PHẨM VĂN HỌC NGỮ VĂN 10,NGUỄN THỊ THANH HƯƠNG (Chủ biên) NGUỄN THANH BÌNH - NGUYỄN ĐỨC KHUÔNG - ĐỖ NGUYỄN THƯƠNG (Giới thiệu và tuyển chọn)  ,NHÀ XUẤT BẢN GIÁO DỤC VIỆT NAM,,,
222,41.jpg,KIỂM TRA ĐÁNH GIÁ THƯỜNG XUYÊN VỀ ĐỊNH KÌ MÔN NGỮ VĂN 10 ,,NHÀ XUẤT BẢN GIÁO DỤC VIỆT NAM,,,
232,42.jpg,236 BÀI LUẬN MẪU TIẾNG ANH TRONG CÁC KỲ THI TOEFL VÀ IELTS  ,,NHÀ XUẤT BẢN GIÁO DỤC VIỆT NAM,,Trần Mạnh Tưởng: biên dịch  ,
231,43.jpg,CC DẠNG BI TẬP & PHƯƠNG PHP GIẢI VẬT L 12  ,,NHÀ XUẤT BẢN GIÁO DỤC VIỆT NAM,,,
233,44.JPG,1 30 CÂU ĐÀM THOẠI TIẾNG NHẬT  ,,NHÀ XUẤT BẢN GIÁO DỤC VIỆT NAM,,,
230,44.jpg,1 30 CÂU ĐÀM THOẠI TIẾNG NHẬT  ,,NHÀ XUẤT BẢN GIÁO DỤC VIỆT NAM,,,
229,45.jpg,PHƯƠNG PHÁP GIẢI TOÁN Tiếp tuyến  ,,NHÀ XUẤT BẢN GIÁO DỤC VIỆT NAM,,,
228,46.jpg,ĐẮC INTERNATIONAL BEST SELLER NHAN How to Win Friends & Influence People  DALE CARNEGIE  ,, ,,NGUYỄN VÂN PHƯỚC dịch  ,
0,47.jpg,DORAEMON VOL.14 NOBITA VÀ BA CHÀNG HIỆP SĨ MỘNG MƠ  ,Fujiko-F-Fujio  ,,,,
8,48.jpg,DORAEMON VOL.18 NOBITA DU HÀNH BIỂN PHƯƠNG NAM  ,Fujiko-F-Fujio  ,,,,
7,49.jpg,DORAEMON ĐỚNG HỌC TẬP  CÁCH GIẢI TOÁN NHANH  ,,,,,
192,5.jpg,TÔI ĐI HỌC  ,NGUYỄN NGỌC KÝ,,,,
5,50.jpg,Bí mật của MAY MẮM  ,BOOK OF THE YEAR 2004  ,NHÀ XUẤT BẢN TỔNG HỢP TP.HCM  ,,,
1,51.jpg,BÍ QUYẾT HỌC NHANH NHỚ LÂU SMARTER STUDY SKILLS  ,MEMOKY STUDY  JONATHAN HANCOCK  ,,,,
15,52.jpg,"Nghệ thuật sống tự tin BRYAN ROBINSON, Ph.D 2  The contaent Art Living  ",,NHÀ XUẤT BẢN TRẺ  ,,,
14,53.jpg,CÂM NANG TƯ DUY PHÂN TÍCH THE THINKER'S GUIDE TO ANALYTIC THINKING  ,RICHARD PAUL-LINDA ELDER  ,NHÀ XUẤT BẢN ĐẠI HỌC QUỐC GIA TP HỒ CHÍ MINH,,,
13,54.jpg,tôi thấy hoa vàng trên cỏ xanh  ,nguyễn nhật ánh  ,NHÀ XUẤT BẢN TRẺ  ,,,In lần thứ 31  
12,55.jpg,ngồi khóc trên cây,nguyễn nhật ánh  ,NHÀ XUẤT BẢN TRẺ  ,,,In lần thứ mười ba  
11,56.jpg,"TUYÂN TẬP ĐỀ THI  MÔN Tiếng ANH ĐẠI HỌC, CAO ĐẲNG IIII NG ISH NHÀ XUẤT BẢN ĐẠI HỌC QUỐC GIA HÀ NỘI  ",,,,,
10,57.jpg,hoa hồng xứ khác  ,nguyễn nhật ánh  ,NHÀ XUẤT BẢN TRẺ  ,,,In lần thứ 30  
9,58.jpg,cho tôi xin một vé đi tuổi thơ  ,nguyễn nhật ánh  ,NHÀ XUẤT BẢN TRẺ  ,,,In lần thứ 63  
21,59.jpg,mắt biếc  ,nguyễn nhật ánh  ,NHÀ XUẤT BẢN TRẺ  ,,,In lần thứ 39  
191,6.jpg,EDITION BÍ MẬT TƯ DUY TRIỆU PHU  ,T. Harv Eker  ,NHÀ XUẤT BẢN TRẺ  ,,,
20,60.jpg,buổi chiều windows  ,nguyễn nhật ánh  ,,,,
19,61.jpg,bồ câu không đưa thư  ,nguyễn nhật ánh  ,NHÀ XUẤT BẢN TRẺ  ,,,In lần thứ ba mươi  
18,62.jpg,nữ sinh  ,nguyễn nhật ánh  ,NHÀ XUẤT BẢN TRẺ  ,,,
17,63.jpg,trại hoa vàng  ,nguyễn nhật ánh  ,NHÀ XUẤT BẢN TRẺ  ,,,In lần thứ hai mươi bảy
16,64.jpg,bảy bước nhảy tới mùa hè,nguyễn nhật ánh  ,NHÀ XUẤT BẢN TRẺ  ,,,In lần thứ 9  
27,65.jpg,cây chuối non đi giày xanh ,nguyễn nhật ánh  ,NHÀ XUẤT BẢN TRẺ  ,,,
26,66.jpg,Cô gái đến từ hôm qua,nguyễn nhật ánh  ,NHÀ XUẤT BẢN TRẺ  ,,,lần thứ 42  
25,67.jpg,800 BÀI TẬP TRẮC NGHIỆM VẬT LÍ 11 12  ,,NHÀ XUẤT BẢN ĐẠI HỌC QUỐC GIA HÀ NỘI  ,,,
24,68.jpg,Tổng tập ĐỀ THI OLYMPIC 30 tháng 4  ,,NHÀ XUẤT BẢN ĐẠI HỌC QUỐC GIA HÀ NỘI  ,,,
23,69.jpg,BỘ ĐỀ TRẮC NGHIỆM LUYỆN THI TRUNG HỌC PHỔ THÔNG QUỐC GIA NĂM 2019 KHOA HỌC TỰ NHIÊN  ,LỚ TRỌNG HUYỀN - LÊ ĐÌNH TRUNG - VŨ ĐÌNH TUÝ (đồng Chủ biên) ĐOÀN CẢNH GIANG - VŨ THANH KHIẾT - NGUYÊN THỊ QUYỀN NGUYÊN TRỌNG SỬU - NGUYÊN MINH TUẤN - BÙI THANH VÂN  ,NHÀ XUẤT BẢN GIÁO DỤC VIỆT NAM,,,
202,7.jpg,BÍ QUYẾT HỌC NHANH NHỚ LÂU SMARTER STUDY SKILLS  ,MEMORY STUDY  JONATHAN HANCOCK  ,NHÀ XUẤT BẢN ĐẠI HỌC QUỐC GIA TP HỒ CH MINH,,,
22,70.jpg,HƯỚNG DÂN SỬ DỤNG VÀ GIẢI TOÁN TRÊN MÁY TÍNH CASIO fx-500VN PLUS DÀNG CHO LỚP 6-7-8-9  ,NGUYÊN THẾ THẠCH - NGUYÊN TRƯỌNG CHẤNG  ,NHÀ XUẤT BẢN GIÁO DỤC VIỆT NAM,,,
34,71.jpg,CHUYÊN ĐỀ BỒI DƯỠNG HỌC SINH GIỎI GIẢI TOÁN TRÊN MÁY TÍNH CẦM TAY CASIO 570VN PLUS DÀNH CHO HỌC SINH TRUNG HỌC PHỔ THÔNG  ,,,,,
33,72.jpg,BỘ ĐỀ LUYỆN THI TRUNG HỌC PHỔ THÔNG QUỐC GIA NĂM 2019 MÔN NGỮ VĂN  ,ĐỖ NGỌC THỐNG (Chủ biên) PHẠM THỊ THU HIẾN - PHẠM THỊ HUỆ  ,NHÀ XUẤT BẢN GIÁO DỤC VIỆT NAM  ,,,
32,73.jpg,BỘ ĐỀ TRẮC NGHIỆM LUYỆN THI  TRUNG HỌC PHỔ THÔNG QUỐC GIA NĂM 2017 môn TIẾNG ANH  ,NGUYÊN HỮU CƯƠNG (Chủ biên) NGUYÊN THU HIÀN H“ HUYÀN B™I TR VŨ NAM  ,NHÀ XUẤT BẢN GIÁO DỤC VIỆT NAM,,,
31,74.jpg,Hãy là Người lãnh đạo  ,Teo Aik Cher  ,NHÀ XUẤT BẢN tổNG HỢP THÀNH PHỐ HỒ CHÍ MINH ,,PHẠM HOA PHƯỢNG dỊch  ,
30,75.jpg,ĐỘT PHÁ MÔN HÓA HỌC KÌ THI THPT QUỐC GIA  ,Phạm ThỊ Kim Ngân Nguyễn ThỊ Quỳnh Thơ  ,,,,(Tái bản lần thứ nhất)  
29,76.jpg,ĐỘT PHÁ 8 MÔN VẬT LÍ KỌ THI THPT QUỐC GIA  ,Nguyễn Văn Tuyên TrỊnh Lê Hoàng  ,,,,(Tái bản lần thứ nhất)  
28,77.jpg,CÁC BÀI LUÂN MẪU TIẾNG ANH ,,NHÀ XUẤT BẢN HỒNG ĐỨC,,,
40,78.jpg,CẨM NANG PHÁT TRIỂN TỪ DUY TOÀN HỌC  ,,NHA XUẤT BẢN VĂN HÓA-THÔNG TIN  ,,,
39,79.jpg,NAM CỰC BẮC CỰC  ,Lời Jang Kii Soo Tranh Kim Young Goo Tổ chức Hoàng Văn Việt  ,NHÀ XUẤT BẢN GIÁO DỤC  ,,,
201,8.jpg,cạo gió TRỊ LIỆU 40 BỆNH THƯỜNG GẶP  ,,NHÀ XUẤT BẢN THANH HÓA  ,,,
38,80.jpg,KHỔNG LỒ LỬA  ,XUÂN MINH  ,NHÀ XUẤT BẢN VÂN HÓA - THÔNG TIN  ,,XUÂN MINH tuyến dỊch  ,
37,81.jpg,GIẢI BÀI TẬP HÌNH HỌC chương trình chuẩn 10 A F 2  ,TS. VŨ THẾ HỰU - NGUYÊN VĨNH CẬN DƯƠNG ĐỨC KIM - ĐỖ DUY ĐỒNG  ,,,,(Tái bản lần thứ tư)  
36,82.jpg,One Minute for Father Phút DÀNH CHO Cha  ,"Spencer Johnson, M.D.",NHÀ XUẤT BẢN TỔNG HỢP TP.HCM ,,,
35,83.jpg,CON SẼ LÀM ĐƯỢC  ,,NHÀ XUẤT BẢN TỔNG HỢP TP.HCM ,,,
47,84.jpg,Những việc thanh niên nên làm  ,,NHÀ XUẤT BẢN VĂN HÓA THÔNG TIN ,,,
46,85.jpg,Những việc thanh niên không nên làm ,NGÔ TIN BIÊN SOẠN,NHÀ XUẤT BẢN TỔNG HỢP TP.HCM ,,,
45,86.jpg,CUỘC SỐNG KHÔNG GIỚI HẠN  NICK VUJICIC  ,Life Without Limits  ,NHÀ XUẤT BẢN TỔNG HỢP TP.HCM ,,,
44,87.jpg,CÁC LUÂT TỔ CHỨC NHÀ NƯỚC NƯỚC CỘNG HÒA XÃ HỘI CHỦ NGHĨA VIỆT NAM  ,,NHÀ XUẤT BẢN CHÍNH TRỊ QUỐC GIA  ,,,
43,88.jpg,HỎI ĐÁP PHÁP LUẬT và THỪA KẾ  ,,NHÀ XUẤT BẢN CÔNG AN NHÂN DÂN  ,,,
42,89.jpg,CÁC VĂN BẢN PHÁP LUẬT VÀ TỐ CHỨC  HOAT ĐỘNG CỦA BỘ MÁY HÀNH CHÍNH NHÀ NƯỚC  ,,NHÀ XUẤT BẢN CHÍNH TRỊ QUỐC GIA  ,,,
200,9.jpg,BÀI TẬP TIẾNG ANH 11  ,,NHÀ XUẤT BẢN GIÁO DỤC  ,,,
41,90.jpg,NHÀ NƯỚC PHÁP LUẬT  ,TS TRẦN HẬU THÀNH-TS NGUYÊN THẾ THUẤN  ,NHÀ XUẤT BẢN LÍ LUẬN CHÍNH TRỊ,,,
54,91.jpg,HỎI & ĐÁP NHÀ NƯỚC và PHÁP LUẬT ,TS TRẦN HẬU THÀNH-TS NGUYÊN THẾ THUẤN  ,NHÀ XUẤT BẢN LÍ LUẬN CHÍNH TRỊ,,,
53,92.jpg,GIÁO TRÌNH XÃ HỘI HỌC TRONG QUẢN LÝ,,NHÀ XUẤT BẢN LÍ LUẬN CHÍNH TRỊ,,,
52,93.jpg,TIÌM HIỂU TRIẾT HỌC MÁC-LÊNIN,PGS. TS TRẦN VĂN PHÒNG (Chủ biên) GS.TS PHẠM NGỌC QUANG - PSG. TS NGUYỄN THẾ KIỆT,NHÀ XUẤT BẢN LÍ LUẬN CHÍNH TRỊ,,,
51,94.jpg,Chính trị và phát triển TỪ THỰC TIỄN THỜI KÌ ĐỔI MỚI Ở CÁC TỈNH DUYÊN HẢI MIỀN TRUNG VIỆT NAM,"PGS, TS HỒ TẤN SANG  ",NHÀ XUẤT BẢN LÍ LUẬN CHÍNH TRỊ,,,
50,95.jpg,TÌM HIỂU MÔN HỌC CHỦ NGHĨA XÃ HỘI KHOA HỌC,PGS. TS ĐỖ THỊ THẠCH (Chủ biên) PGS. TS NGUYỄN ĐỨC BÁCH - TS. NGUYỄN THỊ NGÂN,NHÀ XUẤT BẢN LÍ LUẬN CHÍNH TRỊ,,,
49,96.jpg,LÍ LUẬN CHUNG Về nhà nước và pháp luật,,NHÀ XUẤT BẢN LÍ LUẬN CHÍNH TRỊ,,,
48,97.jpg,DORAEMON VOL.22 NOBITA VÀ VƯƠNG QUỐC ROBOT  ,Fujiko-F-Fujio  ,,,,
60,98.jpg,DORAEMON TUYỂN TẬP THEO CHỦ ĐỀ,Fujiko F-Fujio  ,,2,,
59,99.jpg,DORAEMON Chú mèo máy đến từ tương lai,Fujiko-F-Fujio  , ,27,,
