,file names,tên sách,tên tác giả,nhà xuất bản,tập,người dịch,tái bản
196,1.jpg,NHÀ VĂN VIỆT NAM  ,,NHÀ XUẤT BẢN HỘI NHÀ VĂN  ,TẬP 3,,
199,10.jpg,GIẢI THÍCH NGỮ PHÁP TINH VỚI BÀI TẬP & ĐÁP ÁN Chỉnh lý và bồ sung 2 Tái bản năm 2015  ,MATHANHƯƠNG  ,NXB ĐÃ NẪNG  ,,,
58,100.jpg,DORAEMON VOL.23 NOBITA VÀ NHỮNG PHÁP SƯ GIÓ BÍ ẤN  ,Fujiko-F-Fujio  ,,,,
57,101.jpg,KÍNH VẠN HOA  ,Nguyễn Nhật Ánh  ,KIM ĐỒNG  ,48  ,,
56,102.jpg,KÍNH VẠN HOA  ,Nguyễn Nhật Ánh  ,KIM ĐỒNG  ,31  ,,
55,103.jpg,THÁM TỬ LỪNG DANH CONAN,AOYAMA Gosho  ,KIM ĐỒNG  ,17 ,,
66,104.jpg,BAI TẬP TIẾNG ANH KHÔNG ĐÁP ÁN C Chỉnh lý và bổ sung sh Tái bản năm 2014  ,NGUYỄN THAN HƯƠNG  ,NHÀ XUẤT BẢN ĐÀ NẮNG  ,,,
65,105.jpg,CẦM NANG CHÍNH TẢ & TỪ NGỮ Hán-Việt  ,NGUYỄN TRỌNG LƯỢNG (Sutr tầm - Biên soạn)  ,NHÀ XUẤT BẢN THỜI DAI  ,,,
64,106.jpg,TAY CHÍNH TẢ TIÊNG VIỆT DÀNH CHO HỌC SINH  ,,NHÀ XUẤT BẢN TỪ ĐIỂN BÁCH KHOA  ,,,
63,107.jpg,BÍ QUYẾT PHA CHẾ SINH TỐ & NƯỚC ÉP TRÁI CÂY  ,,NHÀ XUẤT BẢN VĂN HÓA THÔNG TIN  ,,,
62,108.jpg,PHÁP NGỮ của Hòa Thượng Tịnh Không  ,,NHÀ XUẤT BẢN PHƯƠNG ĐÔNG,,Tỳ kheo Thích Nguyên Tạng,
61,109.jpg,ÂM LUẬT VÔ TÌNH  ,THƯỢNG QUAN NGỌC HA,NHÀ XUẤT BẢN HỒNG ĐỨC  ,,,
198,11.jpg,RAEMO 0 Chú mèo máy đến từ Tương lai  ,Fujiko-F-Fujio  ,2 KIM ĐỒNG  , ,,
72,110.jpg,PHẬT GIÁO là gì ?  ,PHÁP SƯ TỊNH KHÔNG  ,NHÀ XUẤT BẢN PHƯƠNG ĐÔNG  ,,TỊNH TÂM dịch,
71,111.jpg,2101 TRUYỆN TRÍ TUỆ PHÁT TRIÊN TRÍ THÔNG MINH  ,,NHÀ XUẤT BẢN VĂN HÓA THÔNG TIN  ,,,
70,112.jpg,100 loại nước ép & Sinh tố rau quả  ,Ngọc Hà  ,NHÀ XUẤT BẢN VĂN HÓA THÔNG TIN  ,,,
84,113.jpg,72 MÓN GỎI   ,NGUYỄN DZOÃN CẨM VÂN  ,NHÀ XUẤT BẢN THỜI ĐẠI ,,,
69,114.jpg,NGUYỄN THỊ DIỆU THẢO 1 MÓN ĂN ĐỔI BỮA  ,,NHÀ XUẤT BẢN PHỤ NƯ  ,,,
68,115.jpg,LUẬT XÂY DỰNG  ,,NHÀ XUẤT BẢN CHÍNH TRỊ QUỐC GIA  ,,,
67,116.jpg,LUẬT BẢO VỆ MÔI TRƯỜNG LAW ON ENVIRONMENTAL PROTECTION  ,,NHÀ XUẤT BẢN TƯ PHÁP JUDICIAL PUBLISHING HOUSE  ,,,
78,117.jpg,GIÁO TRÌNH CHÚ NGHĨA DUY VẬT BIỆN CHỨNG  ,,NHÀ XUẤT BẢN CHÍNH TRỊ QUỐC GIA  ,,,
77,118.jpg,Kinh tế học VI MÔ  ,Chủ biên: PGS. TS CAO THÚY XIÊM,NHÀ XUẤT BẢN ĐẠI HỌC KINH TẾ QUỐC DÂN  ,,,Tái bản lần 1 có sửa chữa
76,119.jpg,MÔI TRƯỜNG  ,GS.TSKH LÊ HUY BÁ  ,NHÀ XUẤT BẢN ĐẠI HỌC QUỐC GIA TP.HỒ CHÍ MINH  ,,,
197,12.jpg,GIẢI BÀI TẬP HÌNH HỌC 11 ,PGS.TS NGUYỄN VĂN LỘC (Chủ biên) TRẦN QUANG TÀI - MAI XUÂN ĐÔNG - LÊ NGỌC HẢI - TRẦN QUANG TIẾN,NHÀ XUẤT BẢN ĐẠI HỌC QUỐC GIA HÀ NỘI,,,
75,120.jpg,Tìm hiểu môn học CHÍNH TRỊ HỌC (Dưới dạng hỏi & đáp)  ,GS. TS DƯƠNG XUÂN NGỌC - TS LƯU VĂN AN,NHÀ XUẤT BẢN LÝ LUẬN CHÍNH TRỊ  ,,,
74,121.jpg,PHÁT TRIỂN BỀN VỮNG HÀNG NÔNG SẢN XUẤT KHẨU CỦA VIỆT NAM TRONG ĐIỀU KIỆN HIỆN NAY  ,TS. NGÔ THỊ TUYẾT MAI (Chủ biên)  ,NHÀ XUẤT BẢN CHÍNH TRỊ QUỐC GIA  ,,,
73,122.jpg,BÍ QUYẾT DINH DƯỠNG GIÚP TRẺ TĂNG CHIỀU CAO TỐI ƯU  ,,NHÀ XUẤT BẢN PHỤ NỮ  ,,,
85,123.jpg,Hình thành LÒNG TỰ TIN CHO TRẺ  ,,NHÀ XUẤT BẢN THỜI ĐẠI,,,
83,124.jpg,70 món ăn bài thuốc  ,QUỲNH HƯƠNG  ,NHÀ XUẤT BẢN HỒNG ĐỨC  ,,,
82,125.jpg,Những ngày thơ ấu  ,NGUYÊN HỒNG,NHÀ XUẤT BẢN VĂN HÓA THÔNG TIN  ,,,
81,126.jpg,SHOLMES DLMES SKEL TOÀN TẠP  CQMANDOYLE  ,,VH NHÀ XUẤT BẢN VĂN HỌC  ,,,
80,127.jpg,HƯỚNG DẪN CÁCH PHÒNG THỦ KHẮC PHỤC SỰ CỐ KHI MÁY VI TÍNH BỊ TẤN CÔNG  ,,NHÀ XUẤT BẢN HỒNG ĐỨC  ,,,
79,128.jpg,CD Microsoft Access 2013  ,,NHÀ XUẤT BẢN HỒNG ĐỨC  ,,,
92,129.jpg,Bài tập TIN HỌC DÀNH CHO TRUNG HỌC CƠ SỞ  ,BÙI VĂN THANH - NGUYỄN CHÍ TRUNG NGÔ ÁNH TUYẾT  ,NHÀ XUẤT BẢN GIÁO DỤC  ,Quyển 3,,
208,13.jpg,Bài tập VẬT LÍ 10 Nâng cao,LÊ TRỌNG TƯỜNG (Chủ biên) LƯƠNG TẤT ĐẠT - LÊ CHÂN HÙNG ,NHÀ XUẤT BẢN GIÁO DỤC VIỆT NAM  ,,,
91,130.jpg,Bài tập TIN HỌC DANH CHO TRUNG HỌC CƠ SỞ  ,BỦI VĂN THANH - NGUYỄN CHÍ TRUNG  ,NHÀ XUẤT BẢN GIÁO DỤC VIỆT NAM  ,,,
90,131.jpg,Món quà cuộc sống  ,NHIỀU TÁC GIẢ  ,NHÀ XUẤT BẢN TỔNG HỢP TP.HỒ CHÍ MINH  ,,Nguyễn Đức Quỳnh dịch  ,
89,132.jpg,HIÊM HỌA HACKER HIỂU BIẾT VÀ PHÒNG CHỐNG  ,MIKHAYLOV DMITRY  ,NHÀ XUẤT BẢN TỔNG HỢP THÀNH PHỐ HỒ CHÍ MINH,,Lê Trọng Hiến dịch  ,
88,133.jpg,HƯỚNG DẪN THỰC HÀNH KHẮC PHỤC SỰ CỐ VÀ TỐI ƯU HÓA Microsoft WINDOWS 8  ,,NHÀ XUẤT BẢN TỪ ĐIỂN BÁCH KHOA  ,,,
87,134.jpg,Hướng dẫn thực hành Microsoft WINDOWS 8 ĐƠN GIẢN VÀ DỄ HIỂU ,,NHÀ XUẤT BẢN TỪ ĐIỂN BÁCH KHOA  ,,,
86,135.jpg,100% NEW irus E-mail PHƯƠNG THỨC HOẠT ĐỘNG & CÁCH PHÒNG CHỐNG  ,MINH TÂM BIÊN SOẠN  ,NHÀ XUẤT BẢN TỪ ĐIỂN BÁCH KHOA  ,,,
98,136.jpg,MÁY TÍNH LAPTOP ĐA NĂNG  ,,NHÀ XUẤT BẢN THỜI ĐẠI  ,,,
97,137.jpg,TIN HỌC CĂN BẢN dành cho học sinh  ,NGUYỄN CÔNG TUẤN - LÊ TRẦN DIỄM QUÝ,NHÀ XUẤT BẢN LAO ĐỘNG-XÃ HỘI  ,,,
96,138.jpg,THẾ GIỚI TRI THỨC THE WORLD OF KNOWLEDGE   ,,NHÀ XUẤT ĐẠI HỌC QUỐC GIA THÀNH PHỐ HỒ CHÍ MINH,Vol 3,,
95,139.jpg,Hướng dẫn Phòng và diệt Virút máy tính ,Nguyễn Thành Cương - Nguyễn Mai Trang  ,NHÀ XUẤT BẢN KHOA HỌC TỰ NHIÊN VÀ CÔNG NGHỆ,,,
207,14.jpg,Câu hỏi và bài tập trắc nghiệm Vật lí 9 THCS  ,NGUYỄN THANH HẢI  ,NHÀ XUẤT BẢN ĐẠI HỌC SƯ PHẠM  ,,,
94,140.jpg,8000 ĐỊA CHỈ INTERNET VIỆT NAM VÀ QUỐC TẾ  ,NGUYỄN VĂN KHOA LÊ QUỐC TOÀN NGUYỄN DƯƠNG THANH,NHÀ XUẤT BẢN THỐNG KÊ,,,
93,141.jpg,TỰ KHẮC PHỤC MÁY TÍNH KHI BỊ VI RÚT TẤN CÔNG  ,Water PC  ,NHÀ XUẤT BẢN VĂN HÓA THÔNG TIN  ,,,
104,142.jpg,HỌC VI TÍNH TỪ BẮT ĐẦU CẤU TẠO VÀ NGUYÊN TẮC VẬN HÀNH Ổ ĐĨA CỨNG  ,ĐỨC HÙNG  ,NHÀ XUẤT BẢN THỐNG KÊ  ,,,
103,143.jpg,Lập trình CƠ SỞ DỮ LIỆU Visual Basic 6  ,,NXB THỐNG KÊ,,,
102,144.jpg,RSA Tấn công và phòng thủ (Sách tham khảo về công nghệ thông tin),NGUYÊỄN THÀNH NHÂN,Nhà xuất bản Thanh Niên,,,
101,145.jpg,Các bài thực hành trong 5 phút Nối mạng không dây,KS. TRẦN VIỆT AN,NXB. GIAO THÔNG VẬN TẢI ,,,
100,146.jpg,HƯỚNG DẪN TỰ HỌC Microsoft WINDOWS SERVER 2012 Tổ chức và quản trị máy chủ,,NHÀ XUẤT BẢN TỪ ĐIỂN BÁCH KHOA,,,
99,147.jpg,TIN HỌC 11  ,,NHÀ XUẤT BẢN GIÁO DỤC VIỆT NAM  ,,,
110,148.jpg,LY THUYM 8 ỨNG DUNG  E ỨNG DUNG  ,,,,,
109,149.jpg,Hướng dân triển khai MÂY  ,,NHÀ XUẤT BẢN PHƯƠNG ĐÔNG  ,,,
206,15.jpg,HÌNH HỌC 12  ,,NHÀ XUẤT BẢN GIÁO DỤC VIỆT NAM  ,,,
108,150.jpg,HACK INTERNET OS và bảo mật  HACK INTERNET OS và bảo mật SE 1 30 10 SZ 07 NHÀ XUẤT BẢN LAO ĐỘNG-XÃ HỘI  ,,,,,
107,151.jpg,VISUAL BASIC 2005 CHỌC LẬP TRÌNH WINDOWS FORMS QUA VÍ DỤ  NHÀ XUẤT BẢN LAO ĐỘNG XÃ HỘI  ,,,,,
106,152.jpg,CÁC KIỂU TẤN CÔNG CƠ BẢN & phương pháp phòng chống  ,,,,,
105,153.jpg,CÁCH BẢO VỆ DỮ LIỆU QUAN TRỌNG & phương pháp phát hiện thâm nhập  ,,,,,
117,154.jpg,TIM LAI PASSWORD & phương pháp phục hồi an toàn dữ liệu  ,,,,,
116,155.jpg,BẢO VỆ MÁY TÍNH BĂNG TƯỜNG LỬA Đã Phương pháp lướt web an toàn  ,,,,,
115,156.jpg,Phường pháp THÂM NHẬP WEB SERVER 20 cách phòng chống  ,,,,,
114,157.jpg,Chùa Đàn  ,NGUYỄN TUÂN  ,KIM ĐỒNG  ,,,
113,158.jpg,Quê nội  ,VÕ QUẢNG,NHÀ XUẤT BẢN THANH NIÊN,,,
112,159.jpg,80 NGÀY VÒNG QUANH THẾ GIỚI KHOA HỌC VIỄN TƯỞNG  ,JUYN VECNƠ,NHÀ XUẤT BẢN HỘI NHÀ VĂN  ,,,
205,16.jpg,Thuật ứng biến  ,KHANG HOA TRƯƠNG PHƯƠNG CAO   ,NHÀ XUẤT BẢN ĐỒNG NAI  ,,NGUYỄN KHẮC KHOÁI (Biên dịch),
111,160.jpg,TRÊN SA MẠC VÀ TRONG RỪNG THẲM ,HENRICH STENKIEVICH  ,NHÀ XUẤT BẢN VĂN HỌC,,,
122,161.jpg,Tuyển tập TRUYỆN NGẮN HAY,,NHÀ XUẤT BẢN THANH NIÊN,,,
121,162.jpg,NHỮNG TẤM LÒNG CAO CẢ,EDMONDO DEAMICIS,NHÀ XUẤT BẢN VĂN HỌC,,,
120,163.jpg,Đừng bao giờ nói KHÔNG BAO GIỜ,PHYLLIS GEORGE  ,NHÀ XUẤT BẢN THỜI ĐẠI,,,
119,164.jpg,MƯỜI VẠN CÂU HỎI VÌ SAO?,,NHÀ XUẤT BẢN VĂN HÓA THÔNG TIN,,,
118,165.jpg,nhật ký ĐẶNG THÙY TRÂM,,NHÀ XUẤT BẢN HỘI NHÀ VĂN,,,
128,166.jpg,HAI VẠN DẶM DƯỚI BIỂN,JULES VERNE,NHÀ XUẤT BẢN LAO ĐỘNG,,,
127,167.jpg,"500 BÀI TOÁN CƠ BẢN VÀ NÂNG CAO 5 0,3m 1 7 21 49 2-x5- 3 4 3 4 4  ",,,,,
126,168.jpg,Học tốt TIẾNG VIỆT 5,PHẠM AN MIÊN - NGUYỄN LÊ HUÂN,NHÀ XUẤT BẢN ĐÀ NẴNG,Tập 1,,
125,169.jpg,150 BÀI VĂN HAY LỚP 6 ,THÁI QUANG VINH - TRẦN THỊ HOÀNG CÚC NGUYỄN THỊ ÚT - TRẦN ĐỨC NIỀM LÊ THỊ NGUYÊN,NHÀ XUẤT BẢN ĐẠI HỌC QUỐC GIA TP.HỒ CHÍ MINH,,,
6,17.jpg,LỊCH SỬ 11,,NHÀ XUẤT BẢN GIÁO DỤC VIỆT NAM,,,
124,170.jpg,"BỒI DƯỠNG UĂN-TIẾNG UIỆT chính chỉ hiệu dành cho giáo viên, phụ huynh và học sương nhau 5 TẬP 1  ",,,,,
123,171.jpg,Bài lập nâng cao 5 TIẾNG VIÊT  ,VŨ KHẮC TUÂN  ,ĐẤT HỌC QUỐC GIA TP.HỆ CHÍ MINH NHÀ XUẤT BẢN  ,,,
135,172.jpg,BÀI TẬP TRẮC NGHIỆM TIẾNG ANH 9 CÓ ĐÁP ÁN,MAI LAN HƯƠNG - NGUYỄN THANH LOAN,NHÀ XUẤT BẢN ĐÀ NẴNG,,,Tái bản năm 2014
134,173.jpg,CHUYÊN ĐỀ BỒI DƯỠNG Nâng cao toán 5  ,,NHÀ XUẤT BẢN TỔNG HỢP ĐỒNG NAI  ,,,
133,174.jpg,Học tốt TIẾNG VIỆT Biên soạn theo sách học sinh 5 Thiết kế theo tuần học Giúp học sinh dễ dàng năm kiến thức và nhanh chóng cáp dụng vào từng bài làm cụ thức  ,NGUYỄN NGỌC DŨNG-HUỲNH TẤN PHƯƠNG  ,,,,
132,175.jpg,540 BÀI TẬP NÂNG CAO TIẾNG VIỆT 5,NGUYỄN THỊ NHUNG,NHÀ XUẤT BẢN HÀ NỘI,,,
131,176.jpg,VỞ BÀI TẬP TOÁN NÂNG CAO TIỂU HỌC 4,LÊ HẢI CHÂU,NHÀ XUẤT BẢN ĐẠI HỌC SƯ PHẠM,TẬP 1,,
130,177.jpg,Chuyện đời thường bài học quý giá,Mộc Xuân,NHÀ XUẤT BẢN VĂN NGHỆ,Tập 3,,
129,178.jpg,Sống với niềm vui mỗi ngày  ,"CAROLYN HOBBS  JOY, NOMATTERWHAT  ",NHÀ XUẤT BẢN TRẺ  ,,,
142,179.jpg,TỔNG HỢP CÁC BÀI TOÁN PHỔ DỤNG HÌNH HỌC,TS. VŨ THẾ HỰU - NGUYỄN KHẮC AN NGUYỄN VĨNH CẬN - ThS. HOA MẠNH TƯỜNG,NHÀ XUẤT BẢN ĐẠI HỌC QUỐC GIA HÀ NỘI,8,,
4,18.jpg,BÀI TẬP HÌNH HỌC 11,NGUYỄN MỘNG HY (Chủ biên) KHU QUỐC ANH - NGUYỄN HÀ THANH,NHÀ XUẤT BẢN GIÁO DỤC VIỆT NAM,,,
141,180.jpg,140 ĐỀ THI TRẮC NGHIỆM tiếng Anh,Thạc sĩ NGUYỄN ĐỨC HUY,NHÀ XUẤT BẢN HỒNG ĐỨC,,,
140,181.jpg,TỪ ĐIỂN TIẾNG VIỆT,HỒNG MÂY - NGỌC XƯƠNG MINH MẪN - TRẦN TÚ LĂNG,NHÀ XUẤT BẢN THANH NIÊN,,,
139,182.jpg,Giải bằng nhiều cách CÁC BÀI TOÁN HÌNH HỌC 5,TRẦN THỊ KIM CƯƠNG,NHÀ XUẤT BẢN ĐẠI HỌC SƯ PHẠM,,,
138,183.jpg,Giải bài tập HOÁ HỌC NÂNG CAO 12,HUỲNH VĂN ÚT,NHÀ XUẤT BẢN TỔNG HỢP THÀNH PHỐ HỒ CHÍ MINH,,,
137,184.jpg,NHỮNG BÀI LÀM VĂN MẪU 12,TS. PHẠM MINH DIỆU (Chủ biên) - HÀ VĂN LÍCH,NHÀ XUẤT BẢN VĂN HOÁ - THÔNG TIN,TẬP MỘT,,
136,185.jpg,NHỮNG BÀI LÀM VĂN MẪU 12,TS. PHẠM MINH DIỆU (Chủ biên) - HÀ VĂN LÍCH,NHÀ XUẤT BẢN VĂN HOÁ - THÔNG TIN,TẬP HAI,,
148,186.jpg,KỂ CHUYỆN THEO TRANH,TRẦN MẠNH HƯỞNG,,LỚP 5 TẬP MỘT,,
147,187.jpg,ORGAN Thực hành cho học sinh trung học cơ sở,CÙ MINH NHẬT,NHÀ XUẤT BẢN ÂM NHẠC,,,
146,188.jpg,TỰ HỌC ORGAN ĐIỆN TỬ Phần cơ bản,CÙ MINH NHẬT,NHÀ XUẤT BẢN ÂM NHẠC,,,
145,189.jpg,Lịch sử Việt Nam bằng tranh,,NHÀ XUẤT BẢN TRẺ,21,,
3,19.jpg,TỰ HỌC TIẾNG ANH,NGUYỄN VĂN KHÔN,,,,(Tái bản lần thứ 18)
144,190.jpg,"QUY CHẾ TUYỂN SINH ĐẠI HỌC, CAO ĐẲNG HỆ CHÍNH QUY",,NHÀ XUẤT BẢN GIÁO DỤC VIỆT NAM,,,
143,191.jpg,Lịch sử Việt Nam bằng tranh,,NHÀ XUẤT BẢN TRẺ,36,,
153,192.jpg,BÀI GIẢNG TRỌNG TÂM CHƯƠNG TRÌNH CHUẨN TOÁN 12,ThS. LÊ HỒNG ĐỨC - VƯƠNG NGỌC NGUYỄN TUẤN PHONG - LÊ VIẾT HOÀ LÊ BÍCH NGỌC,Nhà xuất bản đại học quốc gia hà nội,,,(Tái bản lần thứ nhất)
152,193.jpg,TÀI LIỆU BỒI DƯỠNG LÝ LUẬN CHÍNH TRỊ DÀNH CHO ĐẢNG VIÊN MỚI,BAN TUYÃŠN GIÃO TRUNG Æ¯Æ NG  ,NHÀ XUẤT BẢN CHÍNH TRỊ QUỐC GIA,,,
151,194.jpg,Mười vạn câu hỏi vì sao,Nhiều tác giả,NHÀ XUẤT BẢN THẾ GIỚI,,Ngọc Khánh dịch,
150,195.jpg,MÓN ĂN dễ làm,HỒNG CHÂU,NHÀ XUẤT BẢN VĂN HOÁ SÀI GÒN,,,
149,196.jpg,350 NEW ĐỘNG TỪ BẤT QUY TÁC & cách dùng thì trong tiếng anh  ,NGUYỄN THANH TRÍ - NGUYỄN PHƯƠNG VI  ,,,,
157,197.jpg,TOÁN VÁT LI - TIẾNG ANH ĐƯA LÝ - SINH HỌC NGỮ VĂN HOA HỌC lớp GI D  ,,NHÀ XUẤT BẢN GIÁO DỤC  ,,,
156,198.jpg,365 CHUYỆN KỂ HẰNG ĐÊM,,NHÀ XUẤT BẢN VĂN HOÁ THÔNG TIN,,,
234,199.jpg,BỆNH MẠCH VÀNH,GS. NGUYỄN HUY DUNG,NHÀ XUẤT BẢN Y HỌC,,,	
195,2.jpg,Nhẹ bước lãng du  ,Nguyễn Chấn Hùng  ,Nhà Xuất Phố Cần Miết  ,,,
2,20.jpg,GIÁO DỤC CÔNG DÂN 11,,NHÀ XUẤT BẢN GIÁO DỤC,,,
155,200.jpg,Hướng dẫn học và làm bài làm văn NGỮ VĂN 6 TẬP 2 (Ia lần thứ ba) SP ,,NHÀ XUẤT BẢN ĐẠI HỌC SƯ PHẠM  ,,,
154,201.jpg,HƯỚNG DÂN HỌC GIỎI Văn-Tiếng Việt  ,VÕ THỊ HOÀI TÂM - VŨ THỊ MINH TOÀN  ,,,,
163,202.jpg,TẠI SAO VÀ NHƯ THẾ NÀO?,Thu Hương,NHÀ XUẤT BẢN THÔNG TIN VÀ TRUYỀN THÔNG,,,
162,203.jpg,NHỮNG BÀI LÀM VĂN MẪU 5,TRẦN THỊ THÌN,NHÀ XUẤT BẢN TỔNG HỢP TP. HỒ CHÍ MINH,TẬP MỘT,,
161,204.jpg,BÀI TẬP ĐẠI SỐ 10,VŨ TUẤN (Chủ biên) - DOÃN MINH CƯỜNG - TRẦN VĂN HẠO ĐỖ MẠNH HÙNG - PHẠM THU - NGUYỄN TIẾN TÀI,NHÀ XUẤT BẢN GIÁO DỤC VIỆT NAM,,,
160,205.jpg,BÀI TẬP HÌNH HỌC 10,NGUYỄN MỘNG HY (Chủ biên) NGUYỄN VĂN ĐOÀNH - TRẦN ĐỨC HUYÊN,NHÀ XUẤT BẢN GIÁO DỤC VIỆT NAM,,,
159,206.jpg,Mười vạn câu hỏi vì sao Bơi lăn dưới nước,Nhiều tác giả,NHÀ XUẤT BẢN THẾ GIỚI,,Ngọc Khánh dịch,
158,207.jpg,"NHỮNG PHƯƠNG THUỐC HAY ""RAU CỎ TRỊ BỆNH""",TẠ DUY CHÂN,NHÀ XUẤT BẢN NGHỆ AN 1999,,,
168,208.jpg,"ÔN TẬP, KIỂM TRA NĂNG LỰC MÔN TOÁN LỚP 12",PHẠM HOÀNG QUÂN (CHỦ BIÊN) - PHẠM SỸ NAM PHAN HOÀNG CHƠN - NGUYỄN SƠN HÀ - PHAN TRUNG HIẾU - HOA ÁNH TƯỜNG,NHÀ XUẤT BẢN ĐẠI HỌC SƯ PHẠM,,,
167,209.jpg,SỔ TAY TOÁN THPT GIÚP TRÍ NHỚ MÔN TOÁN TRUNG HỌC PHỔ THÔNG,LÊ ĐÌNH CHÂU,NHÀ XUẤT BẢN TỔNG HỢP TP. HỒ CHÍ MINH,,,
204,21.jpg,nghệ thuật Sống,CHU PHẠM LÂM DƯƠNG TIỂU VÂN - TRIỆU VĂN TÂM,NHÀ XUẤT BẢN PHỤ NỮ,,,
166,210.jpg,BÀI TẬP GIẢI TÍCH 12,VŨ TUẤN (Chủ biên) - LÊ THỊ THIÊN HƯƠNG - NGUYỄN THU NGA PHẠM THU - NGUYỄN TIẾN TÀI - CẤN VĂN TUẤT,NHÀ XUẤT BẢN GIÁO DỤC,,,
165,211.jpg,Giải nhanh BẰNG MÁY TÍNH BỎ TÚI MÔN TOÁN,ThS. PHẠM VIẾT THÀNH,NHÀ XUẤT BẢN ĐẠI HỌC QUỐC GIA HÀ NỘI,,,
164,212.jpg,Phương pháp học tập hiệu quả,ĐỖ LINH - LÊ VĂN,NHÀ XUẤT BẢN TỔNG HỢP TP. HỒ CHÍ MINH,,,
174,213.jpg,phương pháp giải toán TỔ HỢP,LÊ HOÀNH PHÒ,NHÀ XUẤT BẢN ĐÀ NẴNG,,,
173,214.jpg,THUẬT TOÁN CASIO GIẢI CHUYÊN ĐỀ HÀM SỐ,Trần Hoài Thanh,,,,
172,215.jpg,NGHỀ CỔ TRUYỀN,,NHÀ XUẤT BẢN THỜI ĐẠI,,,
171,216.jpg,100 dàn bài chi tiết Làm văn GIÚP EM VIẾT VĂN HAY 7  ,LỆ THỊ MỸ TRINH - NGUYỄN LY NA LÊ MỸ TRANG  ,,,,
170,217.jpg,Cảnh 2 NGƯA MAT CHỐN ĐÔNG NGƯỜI  ,NGUYỄN KHOA ĐĂNG  ,NHÀ XUẤT BẢN VĂN NGHỆ  ,,,
169,218.jpg,HƯỚNG DÂN TỰ GIẢI BÀI TẬP TOÁN SỐ 8 ĐAI  ,NGUYỄN NGỌC TRANG  ,,,,
180,219.jpg,SINH HỌC 12  ,,NHÀ XUẤT BẢN GIÁO DỤC VIỆT NAM  ,,,
203,22.jpg,DANH NHÂN ĐẤT VIỆT,,NHÀ XUẤT BẢN VĂN HỌC,,,
179,220.jpg,TỬ ĐIÊN VAN HOC PHÔ THONG  ,ĐĂNG TRƯỜNG  ,NHÀ XUẤT BẢN VĂN HÓA-THÔNG TIN  ,,,
178,221.jpg,KHO TÀNG VĂN HỌC DÂN GIAN VIỆT NAM Truyện TRANG  ,PHAN DIÊN VỸ - SƠN HÀ - NGUYỄN GIAO CƯ Biên soạn  ,,,,
177,222.jpg,GIẢI BÀI TẬP GIẢI TÍCH Chương trình cơ  12 TÔM TA  ,,,,,(Tái bản lần thứ nhất)  
176,223.jpg,Tuyệt phẩm iM khởi động KÌ THI THPT QUỐC GIA TIÊNG ANH  ,,NHÀ XUẤT BẢN TỔNG HỢP THÀNH PHỐ HỒ CHÍ MINH  ,,,
175,224.jpg,GIẢI BÀI TẬP 12 SINH HỌC  ,PGS. TS TRỊNH NGUYÊN GIAO-LÊ TUẤN NGỌC  ,NHÀ XUẤT BẢN ĐẠI HỌC QUỐC GIA HÀ NỘI  ,,,
185,225.jpg,GIÀI TÍCH 12 NÂNG CAO  ,,NHÀ XUẤT BẢN GIÁO DỤC VIỆT NAM  ,,,
184,226.jpg,LICH SƯ 12 SÁCH GIÁO VIÊN  ,,NHÀ XUẤT BẢN GIÁO DỤC  ,,,
183,227.jpg,BÀI GIÁNG & LỜI GIẢI CHI TIẾT Sinh học 11 Giúp học sinh  ,,NHÀ XUẤT BẢN ĐẠI HỌC QUỐC GIA  ,,,
182,228.jpg,BÔI DƯỠNG HỌC SINH GIỚI SINH HOC  ,,,,,(Tải bản lần thứ nhất)  
181,229.jpg,   NGHI LUA XA SỬ DỤNG BẢN ĐỒ TƯ DUY ĐỂ LẬP DÀN Ý  ,NHỮNG BÀI VĂN  ,NHÀ XUẤT BẢN ĐÀ HỌC SỰ PHÂN  ,12  ,,
215,23.jpg,N  BẾN Cơ sở  HÚY  hóa văn VIỆT NAM  ,TRẦN QUỐC VƯỢNG (Chủ biên) TÔ NGỌC THANH NGUYỄN CHÍ BỀN LÂM MỸ DUNG TRẦN THÚY ANH  ,,,,
190,230.jpg,"TRĂC NGHIỆM SINH HỌC 12, ÔN THI TÚ TÀI, LUYỆN THI ĐẠI HỌC  ",PHAN VĂN NHÂN  ,BỀ NHA XUẤT BẢN ĐẠI HỌC QUỐC GIA TP HỒ CHÍ MINH  ,,,
189,231.jpg,HƯỚNG DẪN ÔN TẬP KÌ THI TRUNG HỌC PHỔ THÔNG QUỐC GIA NĂM HỌC 2014-2015 môn NGỮ VAN  ,NGUYỄN DUY KHA (Chủ biên) NGUYỄN PHƯỢNG - NGÔ VĂN TUẤN  ,NHÀ XUẤT BẢN GIÁO DỤC VIỆT NAM  ,,,
188,232.jpg,    Nhưng Văn Bài Làm  ,NGUYỄN BÍCH THUÂN HUỲNH TÂN KIM KHÁNH  ,,,,
187,233.jpg,Sinh học 11 NÂNG CAO,,NHÀ XUẤT BẢN GIÁO DỤC,,,
186,234.jpg,THAM TƯ LƯNG ĐANH holt  ,Gosho AOYAMA  ,NHÀ XUẤT BẢN KIM ĐỒNG  ,34  ,Nhiều người dịch  ,
214,24.jpg,Cách mang công nghiệp làn thử tư  ,Klaus Schwab  ,,,,
213,25.jpg,CHIẢI TOÁN VÀ TRẮC NGHIỆN VẬT LÍ NÂNG CAO  ,BÙI QUANG HÀN - NGUYỄN DUY HIỀN - NGUYỄN TUYẾN  ,NHÀ XUẤT BẢN GIÁO DỤC VIỆT NAM  ,,,
212,26.jpg,QUẢN TRỊ HẬU CẦN (LOGISTICS MANAGEMENT)  ,,,,,
211,27.jpg,gaan GIẢI BÀI TẬP VẬT LÍ 11 (CHƯƠNG TRÌNH NÂNG CAN THỊ)  ,,NHÀ XUẤT BẢN ĐẠI HỌC QUỐC GIA HÀ NỘI  ,,,
210,28.jpg,DORAEMA Chú mèo máy đến từ Tương lai  ,Fujiko-F-Fujio  ,KIM ĐỒNG  ,4  ,,
209,29.jpg,Bài tập VẬT LÍ 11 Nâng cao,,NHÀ XUẤT BẢN GIÁO DỤC VIỆT NAM,,,
194,3.jpg,TIN HỌC Nouio Tuuta  ,,NHÀ XUẤT BẢN GIÁO DỤC VIỆT NAM  ,,,
221,30.jpg,BÀI TẬP HÌNH HỌC 12  ,,NHÀ XUẤT BẢN GIÁO DỤC VIỆT NAM  ,,,
220,31.jpg,GIẢI 2 mã tính cách  ,,NHÀ XUẤT BẢN VĂN HOÁ THÔNG TIN  ,(Tập 2)  ,DƯƠNG MINH HÀO (Biên dịch)  ,
219,32.jpg,1000 CÂU TRẮC NGHIỆM TIẾNG ANH 9  ,NGUYỄN THỊ CHI (Chủ biên) NGUYỄN HỮU CƯƠNG  ,NHÀ XUẤT BẢN ĐẠI HỌC QUỐC GIA TP.HỒ CHÍ MINH  ,,,
218,33.jpg,100 BÀI VĂN HIAY BỒI DƯỜNG HỌC SINH KHÁ GIỚI (Biên soạn theo chương trình mơn 7  ,Cuyển tập  ,NHÀ XUẤT BẢN ĐẠI HỌC QUỐC GIA TP HỒ CHÍ MINH  ,,,
217,34.jpg,KHỞI SỰ KINH DOANH  ,Đồng Chủ biên: PGS.TS. Nguyễn Ngọc Huyền TS. Ngô Thị Việt Nga  ,,,,
216,35.jpg,BÀI TẬP Tiếng Anh 17 NÂNG CAO  ,TỨ ANH (Chủ biện) PHAN HÀ - HUỲNH ĐÔNG HẢI - MAI VỊ PHƯƠNG-TRẦN VĂN SINH  ,NHÀ XUẤT BẢN GIÁO DỤC  ,,,
227,36.jpg,CHUYÊN ĐI BÃO TÁP WILD RIDE NHỮNG CÂU CHUYỆN CHƯA KỂ VỀ HÀNH TRÌNH THÔNG TRỊ THẾ GIỚI CỦA UBER  ,ADAM LASHINSKY  ,,,Nguyễn Thụy Khánh Chương dịch  ,
226,37.jpg,Tuyến chọn 153 BÀI VĂN HAY Biên soạn theo chương trình ma BỒI DƯỠNG HỌC SINH KHÁ VÀ GIỎI 10  ,TẠ ĐỨC HIỀN - TS. NGUYỄN VIỆT NGA TS. PHẠM MINH TÚ - Th.S NGUYỄN NHẬT HOA  ,NHÀ XUẤT BẢN HÀ NỘI  ,,,
225,38.jpg,CÁC DANG ĐỀU và BAI LÀM VĂN CHỌN LỌC Ngữ văn 10  ,NGUYỄN VĂN BÍNH  ,NHÀ XUẤT BẢN GIÁO DỤC VIỆT NAM  ,,,
224,39.jpg,GIẢI BÀI TÁP VAT LI 10 Chương trình chuẩn  ,ThS. NGUYỄN THANH HẢI  ,,,,(Tái bản tần thứ ba)  
193,4.jpg,KHONG G GIA ĐINH  ,,,,,
223,40.jpg,BINH GIÁNG 45 TÁC PHÂM VĂN HỌC NGƯ VĂN 70  ,NGUYỄN THỊ THANH HƯƠNG (Chủ biên) NGUYỄN THANH BÌNH - NGUYỄN ĐỨC KHUÔNG - ĐỖ NGUYÊN THƯƠNG (Giới thiệu và tuyển chọn)  ,NHÀ XUẤT BẢN GIÁO DỤC VIỆT NAM  ,,,
222,41.jpg,KIỂM TRA ĐÁNH GIÁ THƯỜNG XUYÊN VÀ ĐỊNH KÌ MÔN NGỮ VĂN 10 Lớp  ,,NHÀ XUẤT BẢN GIÁO DỤC  ,,,
232,42.jpg,236 BÀI LUÂN MẪU TIẾNG ANH TRONG CÁC KỲ THI TOEFL VÀ IELTS  ,,NHÀ XUẤT BẢN VĂN HỎA - THÔNG TIN  ,,Trần Mạnh Tưởng: biên dịch  ,
231,43.jpg,CÁC DẠNG BÀI TẬP & PHƯƠNG PHÁP GIẢI VẬT LÝ 12  ,,NHÀ XUẤT BẢN ĐẠI HỌC SƯ PHẠM  ,,,
233,44.JPG,1 30 CÂU ĐÀM THOẠI TIẾNG NHẬT  ,,NHÀ XUẤT BẢN TỔNG HỢP THÀNH PHỐ HỒ CHÍ MINH  ,,,
230,44.jpg,1 30 CÂU ĐÀM THOẠI TIẾNG NHẬT  ,,NHÀ XUẤT BẢN TỔNG HỢP THÀNH PHỐ HỒ CHÍ MINH  ,,,
229,45.jpg,PHƯƠNG PHÁP GIẢI TOÁN Tiếp tuyến  ,,NHÀ XUẤT BẢN HÀ NỘI  ,,,
228,46.jpg,ĐẶC INTERNATIONAL BEST SELLER NHAN How to Win Friends & Influence People  DALE CARNEGIE  ,, ,,NGUYỄN VĂN PHƯỚC dịch  ,
0,47.jpg,DORAEMON VOL.14 NOBITA VÀ BA CHÀNG HIỆP SĨ MỘNG MƠ  ,Fujiko-F-Fujio  ,,,,
8,48.jpg,DORAEMON VOL.18 NOBITA DU HÀNH BIỂN PHƯƠNG NAM  ,Fujiko-F-Fujio  ,,,,
7,49.jpg,DORAEMON ĐỊNG HỌC TẬP  CÁCH GIẢI TOÁN NHANH  ,,,,,
192,5.jpg,TÔI ĐI HỌC  ,NGUYỄN NGỌC KÝ  ,,,,
5,50.jpg,Bí mật của MAY NAAN  ,BOOK OF THE YEAR 2004  ,NHÀ XUẤT BẢN TỔNG HỢP TP.HCM  ,,,
1,51.jpg,BÍ QUYẾT HỌC NHANH NHỜ LÂU SMARTER STUDY SKILLS  ,MEMOKY STUDY  JONATHAN HANCOCK  ,,,,
15,52.jpg,"Nghệ thuật sống tự tin BRYAN ROBINSON, Ph.D 2  The contaent Art Living  ",,NHÀ XUẤT BẢN TRẺ  ,,,
14,53.jpg,CÂM NANG TƯ DUY PHÂN TÍCH THE THINKER'S GUIDE TO ANALYTIC THINKING  ,RICHARD PAUL-LINDA ELDER  ,NHÀ XUẤT BẢN TỔNG HỢP THÀNH PHỐ HỒ CHÍ MINH  ,,,
13,54.jpg,tôi thấy hoa vàng trên cỏ xanh  ,nguyên nhật ánh  ,NHÀ XUẤT BẢN TRẺ  ,,,In lần thứ 31  
12,55.jpg,ngồi khóc trên cây,nguyễn nhật ánh  ,NHÀ XUẤT BẢN TRẺ  ,,,In lần thứ mười ba   
11,56.jpg,"TUYỂN TẬP ĐỀ THI  MÔN Tiếng ÔN ĐẠI HỌC, CAO ĐẲNG IIII NG ISH NHÀ XUẤT BẢN ĐẠI HỌC QUỐC GIA HÀ NỘI  ",,,,,
10,57.jpg,hoa hồng xứ khác  ,nguyễn nhật ánh  ,NHÀ XUẤT BẢN TRẺ  ,,,In lần thứ 30  
9,58.jpg,cho tôi SÁCH BẢN CHẠY HƠN 300.000 BẢN xin môt vé đi tuổi thơ  ,nguyễn nhật ánh  ,NHÀ XUẤT BẢN TRẺ  ,,,In lần thứ 63  
21,59.jpg,mat 2 biếc  ,nguyễn nhật ánh  ,NHÀ XUẤT BẢN TRẺ  ,,,Tn lần thứ 39  
191,6.jpg,EDITION BÍ MẬT TƯ DUY TRIỆU PHU  ,T. Harv Eker  ,NHÀ XUẤT BẢN TRẺ  ,,,
20,60.jpg,buổi chiêu windous  ,nguyễn nhật ánh  ,,,,
19,61.jpg,bồ câu không đưa thư  ,nguyễn nhật ánh  ,NHÀ XUẤT BẢN TRẺ  ,,,In lần thứ ba mươi  
18,62.jpg,nữ sinh  ,nguyễn nhật ánh  ,NHA XUẤT BẢN TRẺ  ,,,
17,63.jpg,trại hoa vàng  ,nguyễn nhật ánh  ,H UẤT  ,,,In lần thứ hai mươi bảy
16,64.jpg,SACH DÂN CHẤT HƠN 50.000 BẢN     tới mua truyện da hè  ,nguyễn nhật ánh  ,NHÀ XUẤT BẢN TRẺ  ,,,In lần thứ 9  
27,65.jpg,cây chuối non đi giày xanh  ,nguyễn nhật ánh  ,NHA T BẢN TRẺ  ,,,
26,66.jpg,0 hải xửa truyện da: 11 ,nguyễn nhật ánh  ,NHÀ XUẤT BẢN TRẺ  ,,,lần thứ 42  
25,67.jpg,800 BÀI TẬP TRẮC NGHIỆM VAT L 11 12  ,,NHÀ XUẤT BẢN ĐẠI HỌC QUỐC GIA HÀ NỘI  ,,,
24,68.jpg,Tổng tập ĐỀ THI OLYMPIC 30 tháng 4  BAN TO CHỨC KI THI Tổng tập ĐÊ THI OLYMPIC 30 tháng 4 Tiếng Anh (Từ năm 11 2010 đến năm 2014) NHÀ XUẤT BẢN ĐẠT HỌC QUỐC GIA HÀ NỘT  ,,,,,
23,69.jpg,BỘ ĐỀ TRẮC NGHIÊM LUYỆN THI TRUNG HỌC PHỔ THÔNG QUỐC GIA NĂM 2019 KHOA HỌC TỰ NHIÊN  ,LÊ TRỌNG HUYỀN - LÊ ĐÌNH TRUNG - VŨ ĐÌNH TUÝ (đồng Chủ biên) ĐOÀN CẢNH GIANG - VŨ THANH KHIẾT - NGUYỄN THỊ QUYÊN NGUYỄN TRỌNG SỬU - NGUYỄN MINH TUẤN - BÙI THANH VÂN  ,NHÀ XUẤT BẢN GIÁO DỤC VIỆT NAM  ,,,
202,7.jpg,BÍ QUYẾT HỌC NHANH NHỜ LÂU SMARTER STUDY SKILLS  ,MEMORY STUDY  JONATHAN HANCOCK  ,NHÀ XUẤT BẢN TỔNG HỢP THÀNH PHỐ HỒ CHÍ MINH  ,,,
22,70.jpg,HƯỚNG DÂN SỬ DỤNG VÀ GIẢI TOÁN TRÊN MÁY TÍNH CASIO fx-500VN PLUS DÙNG CHO LỚP 6-7-8-9  ,NGUYỄN THẾ THẠCH - NGUYỄN TRƯỜNG CHẤNG  ,NHÀ XUẤT BẢN GIÁO DỤC VIỆT NAM  ,,,
34,71.jpg,CHUYÊN ĐỀ BỒI DƯỠNG HỌC SINH GIỎI GIẢI TOÁN TRÊN MÁY TÍNH CẦM TAY CASIO 570VN PLUS DÀNH CHO HỌC SINH TRUNG HỌC PHỔ THÔNG  ,,,,,
33,72.jpg,BỘ ĐỀ LUYỆN THI TRUNG HỌC PHỔ THÔNG QUỐC GIA NĂM 2019 MÔN NGỮ VĂN  ,ĐỖ NGỌC THỐNG (Chủ biên) PHẠM THỊ THU HIẾN - PHẠM THỊ HUỆ  ,NHÀ XUẤT BẢN GIÁO DỤC VIỆT NAM  ,,,
32,73.jpg,    biẻn)    HỒ      LUYÊN THI RÔ ĐỀ TRÁC NGHIỆM TRUNG HỌC PHỔ THÔNG QUỐC GIA NĂM 2017 môn TIẾNG ANH  ,NGUYỄN HỮU CƯƠNG (Chủ biên) NGUYỄN THU HIỀN HÓ HUYỀN BÙI TRÍ VŨ NAM  ,NHÀ XUẤT BẢN GIÁO DỤC VIỆT NAM  ,,,
31,74.jpg,Hãy là Người lãnh đạo  ,Teo Aik Cher  ,NHÀ XUẤT BẢN tổNG HỢP THÀNH PHỐ HỒ CHÍ MINH ,,PHẠM HOA PHƯỢNG dỊch  ,
30,75.jpg,ĐỘT PHÁ MÔN HÓA HỌC KÌ THI THPT QUỐC GIA  ,Phạm ThỊ Kim Ngân Nguyễn ThỊ Quỳnh Thơ  ,,,,(Tái bản lần thứ nhất)  
29,76.jpg,ĐỘT PHÁ 8 MÔN VẬT LÍ KỌ THI THPT QUỐC GIA  ,Nguyễn Văn Tuyên TrỊnh Lê Hoàng  ,,,,(Tái bản lần thứ nhất)  
28,77.jpg,CÁC BÀI LUÂN MẪU TIẾNG ANH ,,NHÀ XUẤT BẢN HỒNG ĐỨC,,,
40,78.jpg,CẨM NANG PHÁT TRIỂN TỪ DUY TOÀN HỌC  ,,NHA XUẤT BẢN VĂN HÓA-THÔNG TIN  ,,,
39,79.jpg,NAM CỰC BĂC CỰC  ,Lời Jang Kii Soo Tranh Kim Young Goo Tổ chức Hoàng Văn Việt  ,NHÀ XUÂ BẢN GIÁO DỤC  ,,,
201,8.jpg,cạo gió TRỊ LIỆU 40 BỆNH THƯỜNG GẶP  ,,NHÀ XUẤT BẢN THANH HÓA  ,,,
38,80.jpg,KHỔNG LỒ LỬA  ,XUÂN MINH  ,NHÀ XUẤT BẢN VÂN HÓA - THÔNG TIN  ,,XUÂN MINH tuyến dỊch  ,
37,81.jpg,GIẢI BÀI TẬP HÌNH HOC Thương trình chuẩn 10 A F 2  ,TS. VŨ THẾ HỰU - NGUYỄN VĨNH CẬN DƯƠNG ĐỨC KIM-ĐỖ DUY ĐỒNG  ,,,,(Tái bản lần thứ tư)  
36,82.jpg,One Minute for Father Phút DÀNH CHO Cha  ,"""1 New York Times Bestselling Author  ",NHÀ XUẤT BẢN TỔNG HỢP TP.HCM  ,,,
35,83.jpg,CON SẼ LÀM ĐƯỢC  ,,NHÀ XUẤT BẢN TỔNG HỢP TP.HCM ,,,
47,84.jpg,Những việc thanh niên nên làm  ,,NHÀ XUẤT BẢN VĂN HÓA THÔNG TIN ,,,
46,85.jpg,Những việc thanh niên không nên làm NGÔ TÍN (BIÊN SOAN)  ,,NHÀ XUẤT BẢN VĂN HÓA-THÔNG TIN  ,,,
45,86.jpg,CUỘC SỐNG KHÔNG GIỚI HAN  NICK VUJICIC  ,Life Without Limits  ,NHÀ XUẤT BẢN TỔNG HỢP TP.HỒ CHÍ MÍNH  ,,,
44,87.jpg,CÁC LUÂT TỔ CHỨC NHÀ NƯỚC NƯỚC CỘNG HÒA XÃ HỘI CHỦ NGHĨA VIỆT NAM  ,,NHÀ XUẤT BẢN CHÍNH TRỊ QUỐC GIA  ,,,
43,88.jpg,HỎI ĐÁP PHÁP LUẬT vê THỪA KẾ  ,,NHÀ XUẤT BẢN CÔNG AN NHÂN DÂN  ,,,
42,89.jpg,CÁC VĂN BẢN PHÁP LUẬT VỀ TỐ CHỨC VÀ HOAT ĐÔNG CUA BÔ MÁY HÀNH CHÍNH NHÀ NƯỚC  ,,NHÀ XUẤT BẢN CHÍNH TRỊ QUỐC GIA  ,,,
200,9.jpg,BÀI TẬP TIẾNG ANH 11  ,,NHÀ XUẤT BẢN GIÁO DỤC  ,,,
41,90.jpg,NHA NƯỚC PHÁP LUẬT  ,TS TRẦN HẬU THÀNH-TS NGUYỄN THẾ THUẤN  ,NHÀ XUẤT BẢN LÝ LUẬN CHÍNH TRỊ  ,,,
54,91.jpg,NHÀ NƯỚC PHÁP LUẬT  ,TS TRẦN HẬU THÀNH - TS NGUYỄN THẾ THUẤN  ,NHÀ XUẤT BẢN LÝ LUẬN CHÍNH TRỊ  ,,,
53,92.jpg,GIÁO TRÌNH XÃ HỘI HỌC TRONG QUẢN LÝ (HỆ CAO CẤP LÝ LUẬN CHÍNH TRÌ)  ,,NHÀ XUẤT BẢN LÝ LUẬN CHÍNH TRỊ  ,,,
52,93.jpg,TÌM HIÊU MÔN HỌC TRIẾT HỌC MÁC-LÊNIN  ,,NHÀ XUẤT BẢN LÝ LUẬN CHÍNH TRỊ  ,,,
51,94.jpg,Chính trị và phát triển TỪ THỰC TIÊN THỜI KỲ ĐỔI MỚI Ở CÁC TỈNH DUYÊN HẢI MIỀN TRUNG VIỆT NAM  ,"PGS, TS HỒ TẤN SÁNG  ",NHÀ XUẤT BẢN LÝ LUẬN CHÍNH TRỊ  ,,,
50,95.jpg,TÌM HIÊU MÔN HỌC CHỦ NGHĨA XÃ HỘI KHOA HỌC  ,"POS, TS ĐỖ THỊ THẠCH (Chủ biên) PGS.TS NGUYỄN ĐỨC BÁCH - TS NGUYỄN THỊ NGÂN  ",NHÀ XUẤT BẢN LÝ LUẬN CHÍNH TRỊ  ,,,
49,96.jpg,LÍ LUẬN CHUNG Về nhà nước và pháp luật,,NHÀ XUẤT BẢN LÍ LUẬN CHÍNH TRỊ,,,
48,97.jpg,DORAEMON VOL.22 NOBITA VÀ VƯƠNG QUỐC ROBOT  ,Fujiko-F-Fujio  ,,,,
60,98.jpg,DORAEMON TUYỂN TẬP THEO CHỦ ĐỀ,Fujiko F-Fujio  ,,2,,
59,99.jpg,DORAEMON Chú mèo máy đến từ tương lai,Fujiko-F-Fujio  , ,27,,
